loan_id,borrower_id,borrower_name,original_principal,current_balance,interest_rate,origination_date,maturity_date,loan_term_months,payment_status,days_past_due,property_state,loan_purpose,property_type,credit_score,ltv_ratio,dti_ratio,document_status,last_updated_at,source_system,servicer_name
LN-000001,BR-002234,Meera Menon,680317.92,415944.12,7.852,2026-02-15,2036-02-15,120,Current,0,CO,Refinance,Condo,709,0.7311,0.3464,Complete,2026-08-20T09:00:00Z,OriginationCore,AtlasLoanCare
LN-000002,BR-000654,Manav Verma,237374.53,215096.79,6.196,2021-09-13,2051-09-14,360,Current,0,WI,CashOutRefi,SingleFamily,603,0.609,0.2756,Complete,2026-08-26T09:00:00Z,OriginationCore,MeridianServicing
LN-000003,BR-000323,Siddharth Joshi,505793.88,0.0,12.538,2021-04-03,2031-04-03,120,Closed,0,OR,Refinance,SingleFamily,591,0.7637,0.4206,Missing,2026-08-02T09:00:00Z,OriginationCore,ServicerX
LN-000004,BR-001456,Sneha Pillai,286277.56,203407.7,11.071,2022-02-22,2032-02-22,120,Current,0,RI,Refinance,Condo,621,0.6542,0.2445,Pending,2026-08-03T09:00:00Z,OriginationCore,AtlasLoanCare
LN-000005,BR-000132,Ishita Malhotra,631922.11,563320.62,6.079,2023-12-11,2053-12-11,360,90+ Days,117,OR,CashOutRefi,Condo,747,0.6746,0.4596,Complete,2026-08-12T09:00:00Z,OriginationCore,ServicerX
LN-000006,BR-001755,Riya Malhotra,259633.38,172813.62,7.163,2024-11-03,2044-11-03,240,Current,0,NC,Construction,SingleFamily,773,0.4259,0.1884,Complete,2026-07-20T09:00:00Z,OriginationCore,AtlasLoanCare
LN-000007,BR-002267,Priya Reddy,377052.21,285029.58,10.84,2025-09-10,2050-09-11,300,Current,0,WY,CashOutRefi,SingleFamily,655,0.6391,0.3088,Missing,2026-08-10T09:00:00Z,OriginationCore,AtlasLoanCare
LN-000008,BR-001223,Kavya Trivedi,697667.87,416382.67,5.287,2020-10-16,2040-10-16,240,Current,0,WI,Refinance,SingleFamily,733,0.5783,0.1568,Pending,2026-07-17T09:00:00Z,OriginationCore,MeridianServicing
LN-000009,BR-001991,Meera Kulkarni,254740.85,148935.03,11.807,2025-10-03,2040-10-03,180,Current,0,TX,Construction,Condo,647,0.6902,0.3623,Missing,2026-07-11T09:00:00Z,OriginationCore,AtlasLoanCare
LN-000010,BR-001850,Rahul Chauhan,389143.45,277967.12,5.584,2022-11-29,2037-11-29,180,Current,0,AK,Refinance,Condo,581,0.439,0.3709,,2026-07-24T09:00:00Z,OriginationCore,ServicerX
LN-000011,BR-000542,Riya Menon,487032.7,371889.59,8.436,2025-08-11,2045-08-11,240,Current,0,NE,Refinance,SingleFamily,604,0.7624,0.274,Complete,2026-07-23T09:00:00Z,OriginationCore,AtlasLoanCare
LN-000012,BR-001019,Sneha Bose,101520.77,91598.2,9.167,2025-04-20,2035-04-20,120,30-59 Days,34,NV,Refinance,MultiFamily,698,0.5374,0.4731,Complete,2026-08-20T09:00:00Z,OriginationCore,AtlasLoanCare
LN-000013,BR-000969,Vikram Sethi,604323.16,336301.88,8.585,2025-11-02,2035-11-02,120,Current,0,MT,Purchase,Condo,677,0.4012,0.2866,Pending,2026-08-21T09:00:00Z,OriginationCore,MeridianServicing
LN-000014,BR-001994,Ananya Bose,642102.78,574475.92,6.412,2021-08-30,2041-08-30,240,30-59 Days,31,PA,Purchase,MultiFamily,594,0.4276,0.3169,Pending,2026-07-15T09:00:00Z,OriginationCore,AtlasLoanCare
LN-000015,BR-000279,Karan Malhotra,866662.07,547525.01,4.379,31/07/2024,2040-10-08,180,Current,0,PA,Purchase,SingleFamily,687,0.7616,0.3478,Complete,2026-07-19T09:00:00Z,OriginationCore,MeridianServicing
LN-000016,BR-001873,Ishita Nair,252883.06,213823.68,3.107,2022-11-19,2037-11-19,180,Current,0,CA,Refinance,MultiFamily,613,0.9133,0.4583,Pending,2026-08-07T09:00:00Z,OriginationCore,MeridianServicing
LN-000017,BR-002167,Priya Kulkarni,422456.89,288583.49,6.443,2024-08-20,2044-08-20,240,Current,0,FL,CashOutRefi,SingleFamily,807,0.4589,0.3436,Complete,2026-07-06T09:00:00Z,OriginationCore,AtlasLoanCare
LN-000018,BR-001029,Arjun Nair,223057.72,148590.55,10.294,2022-07-24,2037-07-24,180,Current,0,AZ,Purchase,MultiFamily,777,0.472,0.4929,Complete,2026-07-26T09:00:00Z,OriginationCore,MeridianServicing
LN-000019,BR-000611,Siddharth Iyer,526770.84,508767.08,12.598,2021-08-11,2051-08-12,360,Current,0,NV,Refinance,SingleFamily,658,0.6006,0.4766,Missing,2026-07-13T09:00:00Z,OriginationCore,ServicerX
LN-000020,BR-001665,Aman Kapoor,629756.69,444368.03,13.646,2024-01-19,2044-01-19,240,Current,0,HI,Refinance,Townhouse,586,0.4986,0.4736,,2026-07-22T09:00:00Z,OriginationCore,MeridianServicing
LN-000021,BR-001928,Karan Bose,185318.17,133117.44,12.391,2023-06-01,2038-06-01,180,activ,44,MN,CashOutRefi,Condo,637,0.413,0.2176,Complete,2026-08-24T09:00:00Z,OriginationCore,ServicerX
LN-000022,BR-001357,Priya Reddy,595259.48,584369.72,13.086,2022-06-20,2042-06-20,240,Current,0,ID,CashOutRefi,SingleFamily,607,0.7281,0.271,Complete,2026-07-23T09:00:00Z,OriginationCore,MeridianServicing
LN-000023,BR-001787,Priya Desai,148298.92,93967.34,13.644,2020-09-02,2050-09-03,360,Default,318,UT,Refinance,MultiFamily,690,0.4385,0.3825,Complete,2026-08-24T09:00:00Z,OriginationCore,MeridianServicing
LN-000024,BR-001212,Siddharth Kapoor,481054.13,333620.89,5.206,2023-01-14,2033-01-13,120,Current,0,UT,Refinance,MultiFamily,683,0.7014,0.1501,Complete,2026-07-13T09:00:00Z,OriginationCore,MeridianServicing
LN-000025,BR-000696,Meera Joshi,445239.96,286747.28,8.928,2022-10-17,2052-10-17,360,Current,0,CO,Refinance,MultiFamily,637,0.8436,0.2016,Complete,2026-07-27T09:00:00Z,OriginationCore,MeridianServicing
LN-000026,BR-001573,Dev Malhotra,437103.74,351123.33,5.806,2025-08-03,2055-08-04,360,Default,348,VT,Purchase,SingleFamily,779,0.6338,0.2116,Missing,2026-07-12T09:00:00Z,OriginationCore,AtlasLoanCare
LN-000027,BR-001870,Ananya Gupta,523794.92,0.0,10.677,2025-11-04,2050-11-05,300,Paid Off,0,WI,Construction,Townhouse,792,0.8988,0.3061,Complete,2026-08-19T09:00:00Z,OriginationCore,MeridianServicing
LN-000028,BR-002136,Dev Chauhan,689010.27,463026.61,6.158,2023-07-02,2048-07-02,300,90+ Days,99,VA,CashOutRefi,Condo,649,0.5847,0.4626,Complete,2026-07-08T09:00:00Z,OriginationCore,ServicerX
LN-000029,BR-001356,Siddharth Gupta,639857.34,370004.35,7.781,2022-02-10,2037-02-10,180,30-59 Days,36,NE,Construction,SingleFamily,799,0.8844,0.3515,Complete,2026-07-31T09:00:00Z,OriginationCore,MeridianServicing
LN-000030,BR-002205,Siddharth Trivedi,775430.76,0.0,13.325,2022-01-12,2042-01-12,240,Paid Off,0,IA,CashOutRefi,Townhouse,704,0.416,0.2676,Complete,2026-07-31T09:00:00Z,OriginationCore,MeridianServicing
LN-000031,BR-000111,Nisha Menon,831610.38,0.0,9.491,07-31-2024,2036-03-01,180,Closed,0,CO,Construction,Condo,801,0.6539,0.1676,Complete,2026-07-23T09:00:00Z,OriginationCore,ServicerX
LN-000032,BR-001727,Divya Nair,336875.47,24350.2,8.409,2022-09-28,2047-09-29,300,Closed,0,OH,Purchase,MultiFamily,637,0.7576,0.4234,Complete,2026-07-04T09:00:00Z,OriginationCore,ServicerX
LN-000033,BR-000469,Riya Bose,763344.52,499959.95,8.348,2024-03-03,2039-03-04,180,Current,0,WY,CashOutRefi,Condo,735,0.734,0.4118,Complete,2026-07-27T09:00:00Z,OriginationCore,ServicerX
LN-000034,BR-001538,Nisha Bose,541882.02,0.0,3.874,2025-03-12,2045-03-12,240,Paid Off,0,CT,CashOutRefi,SingleFamily,783,0.9411,0.4239,Complete,2026-07-21T09:00:00Z,OriginationCore,MeridianServicing
LN-000035,BR-002008,Rahul Sethi,480066.67,443491.96,14.049,2025-08-19,2045-08-19,240,Current,0,VA,Refinance,Townhouse,625,0.8036,0.4879,Complete,2026-07-05T09:00:00Z,OriginationCore,AtlasLoanCare
LN-000036,BR-001006,Meera Pillai,420238.32,280758.72,13.139,2021-03-11,2046-03-12,300,30-59 Days,37,WI,Construction,Townhouse,666,0.4158,0.4478,Complete,2026-07-03T09:00:00Z,OriginationCore,ServicerX
LN-000037,BR-002277,Priya Desai,339288.02,291285.84,13.903,2023-07-05,2043-07-05,240,Default,202,KS,Construction,Townhouse,722,0.817,0.3917,Complete,2026-08-09T09:00:00Z,OriginationCore,MeridianServicing
LN-000038,BR-002383,Aditya Banerjee,129095.35,110297.3,9.365,2026-03-19,2051-03-20,300,Current,0,NV,CashOutRefi,MultiFamily,759,0.6496,0.2573,Complete,2026-08-07T09:00:00Z,OriginationCore,AtlasLoanCare
LN-000039,BR-000785,Sneha Banerjee,151621.53,134240.16,6.18,2022-11-13,2037-11-13,180,Current,0,CT,Refinance,MultiFamily,638,0.5985,0.2558,Complete,2026-08-15T09:00:00Z,OriginationCore,ServicerX
LN-000040,BR-002011,Rahul Sharma,878150.69,752455.41,9.602,2025-11-23,2045-11-23,240,Current,0,NM,Construction,MultiFamily,627,0.931,0.2384,Pending,2026-08-18T09:00:00Z,OriginationCore,ServicerX
LN-000041,BR-000612,Riya Joshi,467984.58,574438.6,3.98,2021-11-29,2031-11-29,120,Current,0,DE,Construction,Condo,778,0.6874,0.3077,Complete,2026-08-17T09:00:00Z,OriginationCore,AtlasLoanCare
LN-000042,BR-000852,Sneha Pillai,533335.05,518640.53,10.595,2022-12-25,2047-12-26,300,Current,0,KS,Refinance,SingleFamily,620,0.4015,0.3077,Complete,2026-08-20T09:00:00Z,OriginationCore,MeridianServicing
LN-000043,BR-000957,Divya Menon,294889.16,273724.07,10.604,2023-10-23,2033-10-22,120,Current,0,NV,Purchase,Condo,745,0.4819,0.243,Complete,2026-08-22T09:00:00Z,OriginationCore,ServicerX
LN-000044,BR-000510,Tara Joshi,555787.43,530957.47,11.047,2022-12-16,2037-12-16,180,60-89 Days,68,NC,Construction,Townhouse,600,0.7289,0.4613,Complete,2026-07-29T09:00:00Z,OriginationCore,AtlasLoanCare
LN-000045,BR-002357,Riya Sharma,127627.85,0.0,14.495,2026-02-12,2046-02-12,240,Closed,0,OR,Purchase,Condo,700,0.6854,0.3048,Complete,2026-07-04T09:00:00Z,OriginationCore,AtlasLoanCare
LN-000046,BR-000429,Vikram Verma,873696.95,637513.22,7.734,2020-11-21,2045-11-22,300,Current,0,ME,Construction,SingleFamily,696,0.4484,0.2383,Complete,2026-08-06T09:00:00Z,OriginationCore,MeridianServicing
LN-000047,BR-002124,Aditya Trivedi,609011.33,445692.11,11.699,2026-05-24,2056-05-24,360,Current,0,WI,Purchase,Condo,648,0.7021,0.4747,Complete,2026-08-14T09:00:00Z,OriginationCore,AtlasLoanCare
LN-000048,BR-000649,Rohan Kulkarni,74539.03,67211.7,3.157,2025-01-16,2050-01-17,300,Current,0,CO,Refinance,SingleFamily,698,0.9209,0.3767,Complete,2026-07-12T09:00:00Z,OriginationCore,AtlasLoanCare
LN-000049,BR-000999,Tara Kulkarni,649599.89,495189.88,4.663,2020-09-12,2040-09-12,240,Current,0,ZZ,Refinance,SingleFamily,650,0.825,0.449,Complete,2026-07-27T09:00:00Z,OriginationCore,AtlasLoanCare
LN-000050,BR-002006,Ananya Gupta,290413.14,234727.17,9.194,2026-05-18,2046-05-18,240,Current,0,MI,Construction,Townhouse,818,0.577,0.216,Complete,2026-07-15T09:00:00Z,OriginationCore,AtlasLoanCare
LN-000051,BR-001562,Nisha Kapoor,777611.03,536549.73,8.696,2023-10-15,2048-10-15,300,Current,0,FL,CashOutRefi,SingleFamily,803,0.8648,0.1849,Pending,2026-07-27T09:00:00Z,OriginationCore,ServicerX
LN-000052,BR-001924,Divya Verma,790293.03,0.0,10.167,2021-10-22,2036-10-22,180,Closed,0,TN,Purchase,MultiFamily,798,0.7709,0.3368,Missing,2026-08-22T09:00:00Z,OriginationCore,AtlasLoanCare
LN-000053,BR-000932,Meera Sethi,574840.54,489267.37,14.251,2026-01-01,2051-01-02,300,Current,0,NH,Refinance,MultiFamily,811,0.4159,0.2635,Complete,2026-08-08T09:00:00Z,OriginationCore,MeridianServicing
LN-000054,BR-000738,Vikram Mehta,173734.33,138815.18,3.908,2021-07-29,2041-07-29,240,Current,0,SC,Refinance,Townhouse,813,0.7207,0.2313,Complete,2026-07-07T09:00:00Z,OriginationCore,MeridianServicing
LN-000055,BR-000648,Meera Gupta,814072.25,550767.04,13.87,2026-04-20,2046-04-20,240,Current,0,SD,Construction,MultiFamily,696,0.8649,0.2197,Complete,2026-07-23T09:00:00Z,OriginationCore,MeridianServicing
LN-000056,BR-001210,Priya Malhotra,374159.65,254497.35,6.157,2023-09-30,2033-09-29,120,Current,0,RI,Construction,MultiFamily,778,0.8394,0.3625,Complete,2026-07-13T09:00:00Z,OriginationCore,AtlasLoanCare
LN-000057,BR-000561,Rahul Iyer,626099.79,525948.79,6.553,2023-08-06,2038-08-06,180,30-59 Days,44,AZ,CashOutRefi,Condo,603,0.9003,0.2644,Complete,2026-07-04T09:00:00Z,OriginationCore,ServicerX
LN-000058,BR-000674,Divya Banerjee,501224.52,0.0,14.125,2022-04-21,2037-04-21,180,Paid Off,0,WV,CashOutRefi,SingleFamily,699,0.9296,0.1993,Missing,2026-07-04T09:00:00Z,OriginationCore,AtlasLoanCare
LN-000059,BR-001863,Aditya Pillai,126757.44,84466.31,9.722,2022-04-21,2047-04-22,300,Current,0,CT,Refinance,Townhouse,586,0.7408,0.4801,Complete,2026-08-19T09:00:00Z,OriginationCore,AtlasLoanCare
LN-000060,BR-001673,Rahul Kapoor,590093.33,506579.75,3.521,2025-09-12,2040-09-12,180,Current,0,MD,Construction,SingleFamily,604,0.5291,0.3381,Complete,2026-07-16T09:00:00Z,OriginationCore,MeridianServicing
LN-000061,BR-000406,Dev Trivedi,549239.29,516055.39,7.693,2021-09-15,2051-09-16,360,30-59 Days,38,AZ,CashOutRefi,Condo,693,0.6446,0.2326,Complete,2026-07-16T09:00:00Z,OriginationCore,AtlasLoanCare
LN-000062,BR-001863,Meera Bose,101467.58,99033.48,10.38,2022-05-20,2042-05-20,240,Current,0,AR,CashOutRefi,Condo,612,0.8328,0.2218,Pending,2026-07-03T09:00:00Z,OriginationCore,AtlasLoanCare
LN-000063,BR-000012,Divya Kapoor,741095.03,660109.78,14.357,2023-12-26,2038-12-26,180,Current,0,ID,Purchase,SingleFamily,613,0.4082,0.4265,Complete,2026-07-07T09:00:00Z,OriginationCore,MeridianServicing
LN-000064,BR-000261,Dev Gupta,275562.38,202599.7,11.947,2024-06-14,2034-06-14,120,Current,0,NH,Refinance,SingleFamily,766,0.8308,0.4534,Complete,2026-08-19T09:00:00Z,OriginationCore,MeridianServicing
LN-000065,BR-002009,Tara Nair,898798.74,$118500,13.342,2025-09-21,2035-09-21,120,90+ Days,131,RI,Refinance,SingleFamily,612,0.5513,0.3716,Complete,2026-08-20T09:00:00Z,OriginationCore,MeridianServicing
LN-000066,BR-000469,Siddharth Bose,435658.1,258623.43,7.946,2023-02-06,2048-02-07,300,Current,0,NE,CashOutRefi,Townhouse,682,0.6288,0.1833,Complete,2026-07-13T09:00:00Z,OriginationCore,AtlasLoanCare
LN-000067,BR-000350,Meera Sethi,860553.64,652883.0,4.11,2022-03-17,2042-03-17,240,Current,0,FL,Purchase,MultiFamily,751,0.4672,0.2738,Complete,2026-08-21T09:00:00Z,OriginationCore,MeridianServicing
LN-000068,BR-000634,Dev Chauhan,560348.58,450679.48,12.744,2023-03-07,2033-03-06,120,Current,0,OK,CashOutRefi,SingleFamily,775,0.5532,0.2292,Complete,2026-08-13T09:00:00Z,OriginationCore,AtlasLoanCare
LN-000069,BR-000739,Divya Joshi,567645.68,485409.33,13.598,2026-02-10,2056-02-11,360,Current,0,AL,Refinance,Condo,724,0.7615,0.1744,Complete,2026-08-25T09:00:00Z,OriginationCore,ServicerX
LN-000070,BR-001329,Riya Trivedi,369765.24,228980.85,3.977,2023-12-29,2033-12-28,120,Current,0,GA,Refinance,SingleFamily,752,0.4449,0.3051,Complete,2026-08-07T09:00:00Z,OriginationCore,AtlasLoanCare
LN-000071,BR-000455,Rohan Menon,282191.82,169337.58,8.596,2021-10-05,2046-10-06,300,30-59 Days,51,MD,Purchase,Condo,681,0.9414,0.1692,Complete,2026-07-30T09:00:00Z,OriginationCore,ServicerX
LN-000072,BR-000720,Ananya Malhotra,296030.06,227602.58,9.125,2023-07-17,2038-07-17,180,Current,0,NC,CashOutRefi,SingleFamily,681,0.874,0.1648,Complete,2026-07-30T09:00:00Z,OriginationCore,ServicerX
LN-000073,BR-001660,Priya Verma,537389.73,394328.71,4.977,2021-08-04,2041-08-04,240,30-59 Days,49,NJ,CashOutRefi,SingleFamily,691,0.8645,0.2352,Complete,2026-08-19T09:00:00Z,OriginationCore,AtlasLoanCare
LN-000074,BR-000689,Meera Desai,789945.75,511483.32,10.282,2021-12-19,2031-12-19,120,30-59 Days,46,NC,Refinance,MultiFamily,669,0.8001,0.4366,Pending,2026-07-08T09:00:00Z,OriginationCore,ServicerX
LN-000075,BR-000309,Vikram Banerjee,267572.99,165162.83,8.335,2024-10-06,2034-10-06,120,Current,0,UT,CashOutRefi,MultiFamily,618,0.6419,0.3141,Complete,2026-07-09T09:00:00Z,OriginationCore,MeridianServicing
LN-000076,BR-000234,Aditya Joshi,349150.89,262968.82,3.882,2025-10-10,2055-10-11,360,Current,0,SC,Construction,Townhouse,728,0.7049,0.4271,Pending,2026-08-24T09:00:00Z,OriginationCore,MeridianServicing
LN-000077,BR-001846,Rahul Verma,323297.75,199273.9,14.297,2024-04-17,2054-04-18,360,Current,0,NC,Refinance,SingleFamily,643,0.7892,0.4968,Complete,2026-08-23T09:00:00Z,OriginationCore,AtlasLoanCare
LN-000078,BR-000215,Ishita Nair,366924.18,-17114.87,6.791,2022-04-29,2037-04-29,180,Current,0,ME,CashOutRefi,Condo,665,0.4448,0.3823,Pending,2026-08-05T09:00:00Z,OriginationCore,MeridianServicing
LN-000079,BR-002290,Nisha Verma,555785.04,0.0,12.352,2024-12-16,2049-12-17,300,Paid Off,0,TN,Construction,MultiFamily,584,0.5994,0.2131,Complete,2026-08-07T09:00:00Z,OriginationCore,MeridianServicing
LN-000080,BR-000415,Kavya Kulkarni,899980.13,612120.16,12.604,2023-11-13,2038-11-13,180,Current,0,TX,CashOutRefi,Condo,732,0.6072,0.2068,Pending,2026-07-07T09:00:00Z,OriginationCore,AtlasLoanCare
LN-000081,BR-001168,Tara Chauhan,87138.56,75515.82,9.141,2021-07-01,2036-07-01,180,Current,0,NM,Refinance,MultiFamily,753,0.9209,0.4946,Complete,2026-07-29T09:00:00Z,OriginationCore,MeridianServicing
LN-000082,BR-000818,Aman Kapoor,498340.82,0.0,13.04,2020-10-07,2045-10-08,300,Closed,0,TN,Construction,MultiFamily,721,0.9139,0.399,Complete,2026-07-05T09:00:00Z,OriginationCore,ServicerX
LN-000083,BR-001792,Meera Chauhan,698649.31,662553.41,12.392,07-31-2024,2045-06-19,240,Current,0,AK,Construction,SingleFamily,681,0.6761,0.2325,Missing,2026-08-17T09:00:00Z,OriginationCore,MeridianServicing
LN-000084,BR-000599,Ananya Iyer,320882.14,277392.95,6.299,2026-02-02,2041-02-02,180,Current,0,VT,Refinance,Townhouse,694,0.7384,0.4671,Complete,2026-08-05T09:00:00Z,OriginationCore,ServicerX
LN-000085,BR-000977,Manav Trivedi,144508.83,98628.22,8.257,2021-08-29,2036-08-29,180,Current,0,NY,Purchase,Condo,763,0.479,0.3002,Complete,2026-08-23T09:00:00Z,OriginationCore,ServicerX
LN-000086,BR-000278,Kavya Kulkarni,209216.83,163258.84,8.834,2021-09-25,2051-09-26,360,Current,0,MO,Construction,SingleFamily,742,0.6128,0.2807,Complete,2026-08-03T09:00:00Z,OriginationCore,MeridianServicing
LN-000087,BR-001362,Ananya Iyer,254957.04,151855.5,7.051,2022-07-16,2032-07-15,120,Current,0,TN,Refinance,Townhouse,758,0.6632,0.2138,Complete,2026-07-20T09:00:00Z,OriginationCore,AtlasLoanCare
LN-000088,BR-001293,Rohan Desai,299426.19,190964.06,7.58,2025-12-28,2050-12-29,300,Current,0,KY,Purchase,Condo,653,0.5963,0.4233,Pending,2026-08-24T09:00:00Z,OriginationCore,MeridianServicing
LN-000089,BR-001584,Ishita Mehta,729441.05,529581.19,8.706,2025-01-04,2045-01-04,240,Current,0,MS,CashOutRefi,SingleFamily,766,0.6335,0.3007,Missing,2026-07-29T09:00:00Z,OriginationCore,ServicerX
LN-000090,BR-001827,Aman Sethi,323029.71,271604.82,4.916,2023-02-10,2053-02-10,360,Current,0,MN,Construction,SingleFamily,766,0.8785,0.2734,Missing,2026-08-07T09:00:00Z,OriginationCore,MeridianServicing
LN-000091,BR-000656,Priya Kapoor,620506.31,481362.64,12.76,2025-07-25,2035-07-25,120,Current,0,AZ,Refinance,SingleFamily,640,0.8282,0.2782,Complete,2026-07-10T09:00:00Z,OriginationCore,AtlasLoanCare
LN-000092,BR-001819,Meera Menon,627202.75,0.0,4.583,2024-09-07,2034-09-07,120,Paid Off,0,MT,CashOutRefi,MultiFamily,643,0.9283,0.1591,Complete,2026-08-03T09:00:00Z,OriginationCore,AtlasLoanCare
LN-000093,BR-001170,Dev Bose,272510.18,203390.74,4.41,2025-01-31,2050-02-01,300,Current,0,NH,Refinance,Townhouse,602,0.8458,0.4886,Missing,2026-07-18T09:00:00Z,OriginationCore,AtlasLoanCare
LN-000094,BR-000714,Aditya Desai,517497.58,352923.49,5.579,2025-09-05,2045-09-05,240,Current,0,FL,Refinance,Townhouse,586,0.5985,0.3503,Complete,2026-08-16T09:00:00Z,OriginationCore,AtlasLoanCare
LN-000095,BR-002154,Manav Sethi,105885.89,91639.03,12.468,2025-06-09,2040-06-09,180,Current,0,FL,CashOutRefi,SingleFamily,695,0.6562,0.3311,Complete,2026-07-27T09:00:00Z,OriginationCore,AtlasLoanCare
LN-000096,BR-000227,Rahul Desai,702614.39,541898.42,4.76,2024-05-13,2054-05-14,360,Current,0,HI,CashOutRefi,Condo,668,0.9211,0.3316,,2026-07-02T09:00:00Z,OriginationCore,ServicerX
LN-000097,BR-002186,Meera Desai,589798.53,356872.3,10.371,2024-03-15,2044-03-15,240,Current,0,HI,CashOutRefi,SingleFamily,791,0.8751,0.1784,Pending,2026-08-07T09:00:00Z,OriginationCore,AtlasLoanCare
LN-000098,BR-002235,Rohan Joshi,701915.15,583401.08,8.554,2024-01-16,2044-01-16,240,Current,0,MD,Construction,SingleFamily,756,0.433,0.3039,Complete,2026-07-26T09:00:00Z,OriginationCore,ServicerX
LN-000099,BR-001415,Nisha Kapoor,315695.12,275616.96,11.748,2024-10-17,2044-10-17,240,30-59 Days,46,OK,Purchase,MultiFamily,641,0.6566,0.2436,Complete,2026-07-02T09:00:00Z,OriginationCore,ServicerX
LN-000100,BR-000655,Ishita Menon,853577.16,626507.96,11.293,2023-02-25,2033-02-24,120,90+ Days,114,WI,Refinance,Townhouse,711,0.6567,0.4577,Complete,2026-07-02T09:00:00Z,OriginationCore,ServicerX
LN-000101,BR-000208,Rohan Banerjee,438646.05,353843.23,9.871,2020-09-26,2045-09-27,300,Current,0,ME,Purchase,SingleFamily,690,0.4737,0.2426,Complete,2026-08-23T09:00:00Z,OriginationCore,MeridianServicing
LN-000102,BR-001183,Meera Malhotra,390494.38,248217.1,8.799,2025-11-24,2045-11-24,240,Current,0,SC,Purchase,Condo,604,0.6166,0.4282,Complete,2026-07-22T09:00:00Z,OriginationCore,MeridianServicing
LN-000103,BR-000562,Ishita Banerjee,562093.51,319107.32,8.972,2024-03-04,2039-03-05,180,Current,0,RI,Refinance,MultiFamily,818,0.7372,0.2069,Missing,2026-08-24T09:00:00Z,OriginationCore,AtlasLoanCare
LN-000104,BR-001228,Dev Sharma,481217.74,368387.83,7.236,2022-08-20,2042-08-20,240,Current,0,NE,CashOutRefi,SingleFamily,732,0.661,0.4885,Complete,2026-07-21T09:00:00Z,OriginationCore,AtlasLoanCare
LN-000105,BR-001558,Ananya Chauhan,663190.1,414510.6,3.363,2023-11-08,2053-11-08,360,Current,0,IL,Purchase,Townhouse,660,0.6303,0.2945,Complete,2026-07-17T09:00:00Z,OriginationCore,AtlasLoanCare
LN-000106,BR-002125,Sneha Kulkarni,791895.05,457243.18,6.738,2021-02-12,2051-02-13,360,30-59 Days,51,NM,Construction,MultiFamily,624,0.6528,0.3366,Complete,2026-08-18T09:00:00Z,OriginationCore,AtlasLoanCare
LN-000107,BR-001220,Rohan Bose,213424.54,169791.63,10.938,2020-12-22,2040-12-22,240,Current,0,MA,Construction,MultiFamily,723,0.9135,0.4284,Complete,2026-08-12T09:00:00Z,OriginationCore,ServicerX
LN-000108,BR-000600,Rohan Iyer,811396.39,569486.07,6.308,2022-02-23,2052-02-24,360,Current,0,MN,Construction,MultiFamily,771,0.6635,0.2207,Complete,2026-07-08T09:00:00Z,OriginationCore,AtlasLoanCare
LN-000109,BR-002176,Karan Chauhan,142842.59,93602.48,3.604,2024-11-12,2044-11-12,240,30-59 Days,43,MI,Construction,SingleFamily,754,0.8239,0.1518,Complete,2026-08-23T09:00:00Z,OriginationCore,ServicerX
LN-000110,BR-001170,Arjun Nair,455831.24,444035.32,10.501,2021-01-26,2046-01-27,300,Current,0,OH,Purchase,Condo,686,0.8852,0.2115,Pending,2026-08-06T09:00:00Z,OriginationCore,MeridianServicing
LN-000111,BR-000154,Priya Joshi,846117.43,0.0,9.532,2024-04-25,2049-04-26,300,Closed,0,MI,CashOutRefi,Townhouse,744,0.6988,0.3229,Pending,2026-08-08T09:00:00Z,OriginationCore,AtlasLoanCare
LN-000112,BR-001054,Vikram Sharma,213889.69,132931.9,11.471,2023-05-07,2048-05-07,300,Current,0,OR,Refinance,Condo,736,0.8709,0.464,Pending,2026-07-28T09:00:00Z,OriginationCore,AtlasLoanCare
LN-000113,BR-001326,Karan Sharma,390708.26,383652.65,5.999,2025-06-07,2045-06-07,240,Current,219,NH,CashOutRefi,MultiFamily,657,0.7204,0.3505,Complete,2026-07-27T09:00:00Z,OriginationCore,MeridianServicing
LN-000114,BR-002059,Rohan Reddy,617618.2,383093.38,10.345,2025-09-16,2040-09-16,180,Current,0,MS,Refinance,Condo,614,0.663,0.3092,Missing,2026-07-14T09:00:00Z,OriginationCore,MeridianServicing
LN-000115,BR-001014,Aman Nair,693747.94,633576.09,9.043,2021-02-15,2046-02-16,300,60-89 Days,76,VA,CashOutRefi,SingleFamily,814,0.7103,0.1716,Complete,2026-07-09T09:00:00Z,OriginationCore,AtlasLoanCare
LN-000116,BR-000842,Riya Banerjee,189856.58,141331.11,4.046,2024-09-22,2039-09-23,180,90+ Days,155,NH,Purchase,Townhouse,613,0.6823,0.3099,Complete,2026-07-14T09:00:00Z,OriginationCore,MeridianServicing
LN-000117,BR-000300,Arjun Sethi,386556.4,339456.04,6.962,2026-02-28,2046-02-28,240,60-89 Days,62,OH,Purchase,SingleFamily,819,0.6596,0.2505,Complete,2026-07-20T09:00:00Z,OriginationCore,ServicerX
LN-000118,BR-001539,Meera Kulkarni,893928.11,833706.79,4.529,2022-03-17,2047-03-18,300,Current,0,DE,Refinance,Townhouse,715,0.47,0.4926,Pending,2026-08-02T09:00:00Z,OriginationCore,ServicerX
LN-000119,BR-000941,Karan Gupta,622474.88,488051.92,6.981,2021-03-19,2041-03-19,240,Current,0,IL,Purchase,SingleFamily,787,0.7631,0.3652,Pending,2026-07-05T09:00:00Z,OriginationCore,ServicerX
LN-000120,BR-000200,Karan Iyer,107197.27,80015.69,7.626,2024-02-04,2039-02-04,180,Current,0,OH,Refinance,SingleFamily,615,0.6771,0.2512,Pending,2026-07-14T09:00:00Z,OriginationCore,AtlasLoanCare
LN-000121,BR-001237,Ananya Desai,540853.59,492224.52,5.542,2022-10-30,2052-10-30,360,30-59 Days,39,LA,Purchase,Condo,740,0.7733,0.3445,Complete,2026-08-11T09:00:00Z,OriginationCore,MeridianServicing
LN-000122,BR-002204,Dev Chauhan,641862.15,437718.49,12.767,2022-10-31,2047-11-01,300,Current,0,VA,Refinance,Townhouse,814,0.4317,0.2944,Complete,2026-08-15T09:00:00Z,OriginationCore,AtlasLoanCare
LN-000123,BR-001520,Meera Kulkarni,256429.74,214003.59,11.333,2022-01-19,2037-01-19,180,Current,0,AR,CashOutRefi,Townhouse,752,0.7327,0.1638,Complete,2026-07-29T09:00:00Z,OriginationCore,AtlasLoanCare
LN-000124,BR-000868,Sneha Reddy,457485.08,318640.32,11.589,2023-12-22,2053-12-22,360,90+ Days,151,KS,Refinance,Townhouse,814,0.5316,0.2626,Complete,2026-08-26T09:00:00Z,OriginationCore,MeridianServicing
LN-000125,BR-000404,Dev Verma,312158.94,292941.58,13.515,2022-05-18,2052-05-18,360,Current,0,MA,Construction,SingleFamily,724,0.8752,0.4094,Complete,2026-07-28T09:00:00Z,OriginationCore,AtlasLoanCare
LN-000126,BR-001007,Dev Kulkarni,300913.44,195957.3,10.528,2021-09-21,2051-09-22,360,Current,0,KY,Construction,Townhouse,697,0.4925,0.4282,Complete,2026-07-21T09:00:00Z,OriginationCore,AtlasLoanCare
LN-000127,BR-002147,Arjun Nair,206440.61,203497.25,13.87,2020-12-05,2050-12-06,360,Default,352,AR,Purchase,Townhouse,615,0.8634,0.231,Complete,2026-08-23T09:00:00Z,OriginationCore,ServicerX
LN-000128,BR-001980,Dev Sharma,437608.21,363477.63,3.076,2020-09-25,2035-09-26,180,Current,0,AL,Purchase,MultiFamily,717,0.9376,0.156,Pending,2026-07-18T09:00:00Z,OriginationCore,AtlasLoanCare
LN-000129,BR-002157,Divya Rao,140963.96,86765.42,6.074,2024-05-24,2049-05-25,300,Current,0,CO,CashOutRefi,Townhouse,697,0.7108,0.4966,Complete,2026-08-14T09:00:00Z,OriginationCore,AtlasLoanCare
LN-000130,BR-000039,Vikram Nair,129475.43,102698.44,8.748,2026-01-19,2036-01-19,120,Current,0,TN,CashOutRefi,SingleFamily,809,0.6905,0.1649,Complete,2026-08-23T09:00:00Z,OriginationCore,AtlasLoanCare
LN-000131,BR-001149,Siddharth Menon,280430.79,0.0,10.568,2021-01-27,2051-01-28,360,Paid Off,0,MA,Purchase,Condo,730,0.4793,0.4372,Pending,2026-07-14T09:00:00Z,OriginationCore,ServicerX
LN-000132,BR-002215,Ishita Malhotra,529364.47,489002.9,11.69,2024-08-01,2044-08-01,240,Current,0,VT,Purchase,MultiFamily,593,0.4537,0.2313,Complete,2026-07-14T09:00:00Z,OriginationCore,AtlasLoanCare
LN-000133,BR-001846,Dev Chauhan,873582.45,724212.17,7.092,2021-12-16,2051-12-17,360,Current,0,NV,Refinance,Townhouse,601,0.8247,0.2534,Complete,2026-07-07T09:00:00Z,OriginationCore,ServicerX
LN-000134,BR-001596,Ishita Rao,181087.82,150106.66,4.225,2023-05-27,2033-05-26,120,30-59 Days,30,MD,Construction,MultiFamily,774,0.5484,0.1964,Complete,2026-07-10T09:00:00Z,OriginationCore,MeridianServicing
LN-000135,BR-001329,Nisha Sharma,396837.55,280057.1,6.356,2020-08-29,2050-08-30,360,Current,0,WY,Purchase,Condo,726,0.6866,0.3899,Complete,2026-08-21T09:00:00Z,OriginationCore,MeridianServicing
LN-000136,BR-001228,Dev Nair,469155.35,347764.95,-1.669,2023-05-25,2043-05-25,240,Current,0,WA,Construction,Condo,697,0.4588,0.2566,Pending,2026-07-31T09:00:00Z,OriginationCore,MeridianServicing
LN-000137,BR-000558,Rohan Verma,733464.99,511433.36,9.937,2022-02-22,2052-02-23,360,Current,0,NM,CashOutRefi,Condo,681,0.9328,0.252,Complete,2026-07-05T09:00:00Z,OriginationCore,MeridianServicing
LN-000138,BR-000467,Riya Bose,327003.3,292923.43,9.811,2023-09-09,2053-09-09,360,Current,0,UT,Purchase,Townhouse,761,0.5153,0.4292,Pending,2026-08-03T09:00:00Z,OriginationCore,ServicerX
LN-000139,BR-001734,Nisha Nair,168302.25,111278.07,8.164,2020-10-21,2045-10-22,300,Current,0,PA,Construction,Townhouse,719,0.4202,0.4889,Complete,2026-08-17T09:00:00Z,OriginationCore,AtlasLoanCare
LN-000140,BR-000182,Riya Malhotra,142964.01,120442.22,14.118,2025-06-14,2055-06-15,360,Current,0,NV,Purchase,SingleFamily,605,0.5423,0.3287,Complete,2026-08-16T09:00:00Z,OriginationCore,AtlasLoanCare
LN-000141,BR-002050,Ananya Rao,428911.77,381658.81,14.474,2023-12-05,2053-12-05,360,Current,0,CT,CashOutRefi,Townhouse,815,0.929,0.1906,Pending,2026-07-20T09:00:00Z,OriginationCore,ServicerX
LN-000142,BR-001951,Rahul Gupta,341606.68,266210.85,11.303,2022-11-28,2042-11-28,240,60-89 Days,74,MA,Purchase,MultiFamily,591,0.8456,0.1903,Pending,2026-08-04T09:00:00Z,OriginationCore,AtlasLoanCare
LN-000143,BR-000656,Ishita Kulkarni,840434.08,653048.64,7.903,2024-07-24,2034-07-24,120,30-59 Days,44,IA,Construction,Condo,627,0.7523,0.3012,Complete,2026-07-22T09:00:00Z,OriginationCore,AtlasLoanCare
LN-000144,BR-001141,Meera Menon,553372.68,475946.81,4.17,2021-05-13,2036-05-13,180,Current,0,MS,CashOutRefi,Condo,697,0.4627,0.3847,Complete,2026-08-13T09:00:00Z,OriginationCore,AtlasLoanCare
LN-000145,BR-001876,Aman Mehta,569612.16,400486.81,12.358,2022-01-18,2042-01-18,240,Current,0,SC,Purchase,Condo,660,0.4648,0.2569,Complete,2026-07-03T09:00:00Z,OriginationCore,AtlasLoanCare
LN-000146,BR-000761,Dev Kulkarni,380193.78,305263.16,10.974,2020-09-04,2035-09-05,180,Current,0,OK,Refinance,Townhouse,653,0.4772,0.2601,Complete,2026-07-30T09:00:00Z,OriginationCore,ServicerX
LN-000147,BR-002071,Dev Sethi,461917.58,332088.92,10.874,2026-04-19,2046-04-19,240,Current,0,VA,Construction,Townhouse,622,0.4455,0.1608,Complete,2026-07-22T09:00:00Z,OriginationCore,MeridianServicing
LN-000148,BR-002029,Siddharth Desai,241116.9,215444.14,4.302,2023-04-29,2033-04-28,120,Current,0,LA,CashOutRefi,SingleFamily,774,0.7954,0.3412,Missing,2026-07-21T09:00:00Z,OriginationCore,ServicerX
LN-000149,BR-000357,Tara Reddy,793588.37,528243.13,11.92,2023-01-25,2038-01-25,180,90+ Days,0,IN,CashOutRefi,Townhouse,622,0.7389,0.4247,Pending,2026-07-02T09:00:00Z,OriginationCore,ServicerX
LN-000150,BR-001199,Rohan Menon,502438.68,313564.97,6.074,2022-06-22,2052-06-22,360,Current,0,FL,Construction,SingleFamily,650,0.8769,0.1944,Pending,2026-07-12T09:00:00Z,OriginationCore,ServicerX
LN-000151,BR-000583,Riya Pillai,754209.53,639225.16,10.22,2022-10-17,2037-10-17,180,30-59 Days,42,NH,Purchase,SingleFamily,683,0.6836,0.2474,Pending,2026-07-26T09:00:00Z,OriginationCore,MeridianServicing
LN-000152,BR-000382,Tara Rao,328195.89,292297.67,12.776,2020-12-06,2045-12-07,300,Current,0,IN,Construction,Condo,706,0.5477,0.4399,Complete,2026-07-11T09:00:00Z,OriginationCore,AtlasLoanCare
LN-000153,BR-000408,Tara Sharma,720058.11,637533.52,4.429,2020-12-18,2035-12-19,180,PastDue,400,HI,Construction,Townhouse,580,0.9455,0.2997,Missing,2026-08-24T09:00:00Z,OriginationCore,ServicerX
LN-000154,BR-001026,Meera Rao,793259.86,468871.78,10.642,2024-08-15,2044-08-15,240,Default,347,HI,Purchase,Townhouse,740,0.568,0.3948,Complete,2026-08-03T09:00:00Z,OriginationCore,AtlasLoanCare
LN-000155,BR-002128,Tara Sharma,50923.36,30981.16,3.093,2025-05-04,2035-05-04,120,Current,0,DE,Construction,Condo,702,0.439,0.2841,Complete,2026-08-12T09:00:00Z,OriginationCore,ServicerX
LN-000156,BR-000546,Ananya Nair,362427.44,260366.88,9.101,2022-11-22,2032-11-21,120,Current,0,SC,Refinance,Townhouse,669,0.7973,0.3698,Complete,2026-07-05T09:00:00Z,OriginationCore,MeridianServicing
LN-000157,BR-000505,Riya Malhotra,780968.15,464054.91,7.043,2021-06-11,2051-06-12,360,Current,0,MA,Refinance,Condo,650,0.7545,0.2369,Complete,2026-07-09T09:00:00Z,OriginationCore,AtlasLoanCare
LN-000158,BR-001236,Sneha Desai,712124.2,657342.28,9.98,2023-03-18,2053-03-18,360,Current,0,WV,Construction,MultiFamily,745,0.43,0.4643,Missing,2026-07-15T09:00:00Z,OriginationCore,MeridianServicing
LN-000159,BR-001480,Ishita Kapoor,254919.49,148170.75,7.449,2025-02-21,2050-02-22,300,Current,0,MS,Refinance,Townhouse,777,0.4401,0.3556,Complete,2026-08-26T09:00:00Z,OriginationCore,ServicerX
LN-000160,BR-002053,Manav Sethi,856378.0,578958.31,11.071,2025-09-23,2035-09-23,120,Current,0,SD,Refinance,MultiFamily,601,0.5704,0.329,Complete,2026-07-12T09:00:00Z,OriginationCore,ServicerX
LN-000161,BR-000271,Rohan Sethi,382121.78,350478.9,11.395,2022-09-28,2052-09-28,360,Current,0,AR,Refinance,SingleFamily,816,0.639,0.3087,Complete,2026-07-14T09:00:00Z,OriginationCore,MeridianServicing
LN-000162,BR-001421,Kavya Desai,60765.23,33724.35,12.004,2025-01-24,2040-01-25,180,Current,0,HI,CashOutRefi,Condo,771,0.8296,0.2441,Pending,2026-07-26T09:00:00Z,OriginationCore,ServicerX
LN-000163,BR-000316,Dev Gupta,281183.51,242780.09,8.874,2021-08-04,2041-08-04,240,Current,0,NY,Refinance,MultiFamily,620,0.5403,0.186,Complete,2026-07-21T09:00:00Z,OriginationCore,AtlasLoanCare
LN-000164,BR-001002,Arjun Banerjee,679662.97,630607.05,7.186,2023-11-05,2033-11-04,120,Current,0,ID,Purchase,Townhouse,637,0.577,0.2957,Complete,2026-08-26T09:00:00Z,OriginationCore,MeridianServicing
LN-000165,BR-002113,Arjun Malhotra,151490.79,86830.85,3.793,2022-03-23,2032-03-22,120,Current,0,ME,CashOutRefi,MultiFamily,602,0.7042,0.1528,Complete,2026-08-12T09:00:00Z,OriginationCore,AtlasLoanCare
LN-000166,BR-000801,Siddharth Chauhan,444337.69,340841.98,4.732,2023-09-08,2043-09-08,240,Current,0,AK,Refinance,MultiFamily,742,0.8618,0.457,Missing,2026-07-08T09:00:00Z,OriginationCore,ServicerX
LN-000167,BR-000246,Ananya Pillai,138356.67,90595.08,4.07,2022-12-16,2047-12-17,300,Current,0,ND,Construction,MultiFamily,697,0.936,0.1797,Complete,2026-07-26T09:00:00Z,OriginationCore,ServicerX
LN-000168,BR-000970,Rohan Pillai,553111.4,465429.6,12.786,2025-07-26,2050-07-27,300,Current,0,VT,CashOutRefi,MultiFamily,695,0.5496,0.1761,Complete,2026-08-18T09:00:00Z,OriginationCore,AtlasLoanCare
LN-000169,BR-002196,Aditya Bose,139809.09,96213.07,8.197,2024-08-30,2034-08-30,120,Current,0,KY,Purchase,SingleFamily,620,0.8442,0.2565,Complete,2026-08-19T09:00:00Z,OriginationCore,AtlasLoanCare
LN-000170,BR-001458,Nisha Desai,760536.04,448817.93,3.563,2023-12-30,2033-12-29,120,Current,0,KY,Refinance,SingleFamily,683,0.87,0.3446,Complete,2026-08-11T09:00:00Z,OriginationCore,ServicerX
LN-000171,BR-000911,Ananya Bose,733312.24,407179.72,12.472,2025-04-06,2050-04-07,300,Current,0,UT,Purchase,MultiFamily,814,0.847,0.1576,Complete,2026-07-04T09:00:00Z,OriginationCore,AtlasLoanCare
LN-000172,BR-000175,Tara Iyer,128181.84,116121.26,4.932,2024-12-17,2049-12-18,300,90+ Days,163,NV,Construction,Townhouse,587,0.6105,0.2993,Complete,2026-08-19T09:00:00Z,OriginationCore,ServicerX
LN-000173,BR-001007,Rohan Banerjee,429109.72,351958.75,7.738,2023-04-08,2043-04-08,240,Current,0,AR,Purchase,MultiFamily,678,0.4755,0.2198,Pending,2026-07-18T09:00:00Z,OriginationCore,AtlasLoanCare
LN-000174,BR-001986,Aditya Menon,890993.07,630831.41,8.778,2026-03-10,2041-03-10,180,60-89 Days,72,LA,Refinance,SingleFamily,661,0.7284,0.1603,Pending,2026-07-23T09:00:00Z,OriginationCore,MeridianServicing
LN-000175,BR-000411,Karan Chauhan,500017.45,494930.54,6.065,2021-02-11,2031-02-11,120,30-59 Days,56,WV,Purchase,Condo,727,0.8656,0.4291,Complete,2026-08-16T09:00:00Z,OriginationCore,ServicerX
LN-000176,BR-000116,Aditya Menon,553641.58,474446.3,9.481,2023-10-03,2038-10-03,180,60-89 Days,78,IL,Construction,MultiFamily,624,0.6697,0.1816,Complete,2026-07-20T09:00:00Z,OriginationCore,ServicerX
LN-000177,BR-000535,Ishita Mehta,50580.97,0.0,13.566,2021-01-17,2031-01-17,120,Paid Off,0,AR,Purchase,Condo,730,0.7876,0.1996,Complete,2026-08-14T09:00:00Z,OriginationCore,AtlasLoanCare
LN-000178,BR-000414,Ishita Joshi,367552.16,0.0,6.71,2025-08-04,2045-08-04,240,Paid Off,0,WA,Construction,Townhouse,746,0.5745,0.3975,Complete,2026-08-01T09:00:00Z,OriginationCore,AtlasLoanCare
LN-000179,BR-001207,Ananya Mehta,615701.92,441143.66,11.382,2023-11-26,2043-11-26,240,60-89 Days,82,OR,Construction,SingleFamily,626,0.7313,0.4724,Missing,2026-07-11T09:00:00Z,OriginationCore,ServicerX
LN-000180,BR-001421,Ishita Mehta,846184.62,742908.69,10.316,2025-03-28,2055-03-29,360,Current,0,VA,CashOutRefi,Townhouse,582,0.5459,0.2373,Complete,2026-08-11T09:00:00Z,OriginationCore,MeridianServicing
LN-000181,BR-001696,Dev Malhotra,90925.34,66798.07,7.039,2026-05-23,2036-05-22,120,Current,0,CT,Construction,Condo,621,0.6482,0.4297,Complete,2026-08-16T09:00:00Z,OriginationCore,ServicerX
LN-000182,BR-000660,Meera Kulkarni,858912.81,536688.48,13.831,2023-06-24,2043-06-24,240,Current,0,MI,Construction,SingleFamily,690,0.9183,0.2077,Pending,2026-08-02T09:00:00Z,OriginationCore,ServicerX
LN-000183,BR-002270,Siddharth Pillai,331430.39,0.0,10.597,2025-04-09,2035-04-09,120,Closed,0,KS,Purchase,SingleFamily,680,0.7145,0.4439,Complete,2026-07-31T09:00:00Z,OriginationCore,MeridianServicing
LN-000184,BR-000818,Rahul Sharma,124484.11,102704.37,5.38,2021-08-11,2031-08-11,120,Current,97,ME,Purchase,Townhouse,796,0.4635,0.4247,Complete,2026-07-27T09:00:00Z,OriginationCore,AtlasLoanCare
LN-000185,BR-001514,Vikram Gupta,595586.43,424801.44,3.513,2025-05-20,2045-05-20,240,Current,0,NJ,CashOutRefi,Condo,794,0.5477,0.1716,Complete,2026-08-02T09:00:00Z,OriginationCore,AtlasLoanCare
LN-000186,BR-000932,Siddharth Iyer,617920.0,452412.68,12.669,2025-06-11,2035-06-11,120,60-89 Days,86,ND,Construction,Townhouse,726,0.8849,0.3167,Complete,2026-07-09T09:00:00Z,OriginationCore,AtlasLoanCare
LN-000187,BR-000604,Rahul Gupta,535536.94,429208.0,4.988,2020-10-10,2030-10-10,120,Current,0,IN,Refinance,Condo,590,0.6329,0.4959,Complete,2026-07-18T09:00:00Z,OriginationCore,AtlasLoanCare
LN-000188,BR-001590,Siddharth Malhotra,321787.07,291291.7,9.349,2023-07-07,2038-07-07,180,30-59 Days,57,LA,Construction,SingleFamily,781,0.7852,0.3557,Complete,2026-08-21T09:00:00Z,OriginationCore,ServicerX
LN-000189,BR-000433,Riya Reddy,175969.78,155502.04,12.036,2024-09-23,2049-09-24,300,Current,0,NE,CashOutRefi,Townhouse,747,0.6671,0.3631,Complete,2026-08-20T09:00:00Z,OriginationCore,MeridianServicing
LN-000190,BR-001358,Karan Iyer,575507.82,418254.2,11.576,2024-10-16,2049-10-17,300,Current,0,MS,Purchase,MultiFamily,789,0.8365,0.2588,Pending,2026-08-01T09:00:00Z,OriginationCore,AtlasLoanCare
LN-000191,BR-001315,Divya Sethi,164227.69,0.0,9.957,2023-11-07,2033-11-06,120,Closed,0,IL,Construction,Condo,813,0.8532,0.4093,Complete,2026-07-29T09:00:00Z,OriginationCore,MeridianServicing
LN-000192,BR-002148,Riya Sharma,105774.42,76949.78,4.998,2024-08-15,2034-08-15,120,30-59 Days,58,IL,Purchase,Condo,588,0.651,0.4713,Complete,2026-07-08T09:00:00Z,OriginationCore,MeridianServicing
LN-000193,BR-000991,Aditya Banerjee,479357.42,289773.51,9.832,2021-03-14,2041-03-14,240,Current,0,NM,CashOutRefi,MultiFamily,621,0.8607,0.2405,Pending,2026-08-25T09:00:00Z,OriginationCore,ServicerX
LN-000194,BR-000907,Karan Bose,378580.82,303543.66,6.094,2026-02-05,2046-02-05,240,Current,0,NC,Purchase,SingleFamily,701,0.9013,0.3766,Complete,2026-08-13T09:00:00Z,OriginationCore,ServicerX
LN-000195,BR-001128,Manav Malhotra,567092.3,0.0,12.793,2023-07-30,2038-07-30,180,Paid Off,0,KY,Refinance,Townhouse,657,0.7725,0.4385,Complete,2026-07-12T09:00:00Z,OriginationCore,ServicerX
LN-000196,BR-001533,Siddharth Trivedi,899514.97,0.0,10.004,2020-09-01,2030-09-01,120,Closed,0,UT,Purchase,Townhouse,596,0.585,0.2468,Complete,2026-07-04T09:00:00Z,OriginationCore,MeridianServicing
LN-000197,BR-001656,Ishita Kapoor,210106.07,137773.47,11.295,2023-01-21,2043-01-21,240,Current,0,ME,CashOutRefi,Townhouse,683,0.6136,0.1624,Complete,2026-08-23T09:00:00Z,OriginationCore,AtlasLoanCare
LN-000198,BR-001949,Aditya Desai,667567.4,524200.25,6.452,2022-07-23,2037-07-23,180,Current,0,TX,Refinance,MultiFamily,604,0.6589,0.4093,Complete,2026-07-07T09:00:00Z,OriginationCore,AtlasLoanCare
LN-000199,BR-001258,Manav Verma,606269.45,393022.83,7.274,2022-08-23,2037-08-23,180,Current,0,NJ,Purchase,Townhouse,593,0.8765,0.3543,Pending,2026-07-02T09:00:00Z,OriginationCore,ServicerX
LN-000200,BR-001693,Arjun Kapoor,475405.77,341310.18,4.58,2024-03-23,2049-03-24,300,90+ Days,115,MI,Construction,Townhouse,616,0.574,0.4005,Complete,2026-08-07T09:00:00Z,OriginationCore,MeridianServicing
LN-000201,BR-000691,Riya Mehta,316401.96,236954.51,8.63,2024-06-03,2044-06-03,240,Current,0,FL,Construction,Townhouse,683,0.636,0.3171,Complete,2026-08-13T09:00:00Z,OriginationCore,AtlasLoanCare
LN-000202,BR-000781,Priya Sharma,857558.32,757235.15,10.207,2022-03-22,2037-03-22,180,Default,244,IA,CashOutRefi,MultiFamily,613,0.4565,0.3262,Complete,2026-07-24T09:00:00Z,OriginationCore,ServicerX
LN-000203,BR-001384,Manav Kapoor,856193.87,666912.44,6.941,2023-01-23,2033-01-22,120,Current,0,MN,Refinance,Condo,812,0.905,0.2912,Complete,2026-07-24T09:00:00Z,OriginationCore,AtlasLoanCare
LN-000204,BR-000154,Nisha Pillai,673965.13,420792.34,11.869,2024-01-14,2039-01-14,180,Current,0,RI,Purchase,SingleFamily,747,0.8599,0.1669,Complete,2026-08-03T09:00:00Z,OriginationCore,MeridianServicing
LN-000205,BR-000039,Rohan Sethi,515190.03,318065.92,10.609,2025-01-07,2050-01-08,300,Current,0,SC,Refinance,Townhouse,792,0.8942,0.3291,Complete,2026-07-13T09:00:00Z,OriginationCore,MeridianServicing
LN-000206,BR-002143,Sneha Rao,473078.2,422128.59,11.09,2025-03-19,2035-03-19,120,Current,0,HI,Purchase,Townhouse,813,0.5142,0.4766,Complete,2026-07-04T09:00:00Z,OriginationCore,ServicerX
LN-000207,BR-000369,Kavya Nair,820848.04,693099.17,11.321,2025-05-29,2035-05-29,120,90+ Days,102,KY,Refinance,Townhouse,655,0.5453,0.1675,Pending,2026-08-17T09:00:00Z,OriginationCore,ServicerX
LN-000208,BR-000188,Priya Kapoor,731356.69,639906.16,10.629,2022-05-14,2042-05-14,240,Current,0,MI,CashOutRefi,Townhouse,739,0.5476,0.4066,Complete,2026-08-20T09:00:00Z,OriginationCore,MeridianServicing
LN-000209,BR-001580,Dev Sethi,390660.89,0.0,10.462,2025-02-16,2040-02-17,180,Closed,0,DE,Refinance,SingleFamily,796,0.4877,0.2956,Complete,2026-08-09T09:00:00Z,OriginationCore,AtlasLoanCare
LN-000210,BR-000536,Dev Banerjee,569624.68,466521.31,4.299,2024-05-16,2049-05-17,300,30-59 Days,43,NH,Purchase,SingleFamily,646,0.7602,0.1543,Pending,2026-07-02T09:00:00Z,OriginationCore,AtlasLoanCare
LN-000211,BR-000391,Manav Chauhan,881211.22,615836.47,8.542,2023-11-23,2053-11-23,360,Current,0,GA,Purchase,SingleFamily,744,0.9139,0.3269,Complete,2026-07-24T09:00:00Z,OriginationCore,MeridianServicing
LN-000212,BR-000207,Kavya Chauhan,688715.5,479066.18,9.331,2025-07-26,2040-07-26,180,Current,0,MT,Refinance,SingleFamily,697,0.6443,0.3506,Complete,2026-08-09T09:00:00Z,OriginationCore,MeridianServicing
LN-000213,BR-001653,Manav Iyer,150900.82,126377.04,9.407,2022-11-11,2047-11-12,300,Current,0,CO,CashOutRefi,Condo,747,0.7693,0.4826,Complete,2026-08-20T09:00:00Z,OriginationCore,ServicerX
LN-000214,BR-001489,Tara Reddy,332176.73,270384.72,4.121,2021-04-23,2036-04-23,180,30-59 Days,51,IA,Purchase,MultiFamily,670,0.8564,0.4876,Complete,2026-07-12T09:00:00Z,OriginationCore,AtlasLoanCare
LN-000215,BR-001677,Rahul Pillai,88911.39,54395.78,10.025,2025-03-19,2045-03-19,240,Current,0,DE,Construction,Condo,697,0.8535,0.2167,Complete,2026-07-12T09:00:00Z,OriginationCore,MeridianServicing
LN-000216,BR-000552,Dev Sharma,706323.4,593114.55,9.099,2025-01-09,2035-01-09,120,Current,0,OK,Construction,Townhouse,816,0.6796,0.4724,Complete,2026-07-25T09:00:00Z,OriginationCore,AtlasLoanCare
LN-000217,BR-002065,Nisha Sethi,138020.87,112723.13,14.264,2024-12-19,2039-12-20,180,Current,0,LA,Construction,MultiFamily,655,0.6491,0.1967,Complete,2026-08-06T09:00:00Z,OriginationCore,AtlasLoanCare
LN-000218,BR-002268,Sneha Bose,766613.27,527522.5,5.412,Jul 31 2024,2053-01-20,360,Current,0,UT,CashOutRefi,Condo,761,0.7575,0.4854,Complete,2026-07-10T09:00:00Z,OriginationCore,AtlasLoanCare
LN-000219,BR-001710,Siddharth Joshi,696658.77,561809.85,13.091,2025-02-10,2045-02-10,240,Current,0,AL,Purchase,SingleFamily,677,0.4799,0.3846,Complete,2026-07-15T09:00:00Z,OriginationCore,ServicerX
LN-000220,BR-002217,Arjun Rao,174464.13,156165.85,12.361,2023-08-06,2043-08-06,240,PAIDOFF,0,SC,Refinance,Townhouse,640,0.681,0.4289,Complete,2026-08-13T09:00:00Z,OriginationCore,AtlasLoanCare
LN-000221,BR-001281,Siddharth Iyer,379421.45,0.0,3.149,2022-02-16,2032-02-16,120,Paid Off,0,IL,Construction,Condo,813,0.7486,0.3983,Complete,2026-07-14T09:00:00Z,OriginationCore,AtlasLoanCare
LN-000222,BR-001839,Vikram Nair,709724.73,0.0,5.15,2024-03-15,2054-03-16,360,Closed,0,WV,Purchase,Townhouse,590,0.6357,0.3448,Complete,2026-08-08T09:00:00Z,OriginationCore,AtlasLoanCare
LN-000223,BR-001322,Aman Iyer,330978.37,204582.53,11.897,2026-05-05,2046-05-05,240,30-59 Days,50,SC,CashOutRefi,Townhouse,782,0.715,0.2753,Complete,2026-08-17T09:00:00Z,OriginationCore,MeridianServicing
LN-000224,BR-001704,Siddharth Kulkarni,863439.56,773601.8,7.639,2023-12-10,2053-12-10,360,Current,0,IA,Refinance,MultiFamily,664,0.5984,0.2265,Complete,2026-08-16T09:00:00Z,OriginationCore,AtlasLoanCare
LN-000225,BR-000999,Arjun Verma,147513.66,96732.53,7.386,2026-04-22,2051-04-23,300,Current,0,MO,CashOutRefi,MultiFamily,586,0.9012,0.4377,Complete,2026-07-16T09:00:00Z,OriginationCore,AtlasLoanCare
LN-000226,BR-000338,Rahul Mehta,87273.91,55393.23,14.174,2020-12-12,2045-12-13,300,Default,378,OH,Purchase,SingleFamily,633,0.7687,0.4208,Pending,2026-07-25T09:00:00Z,OriginationCore,MeridianServicing
LN-000227,BR-001783,Meera Kapoor,507091.08,496715.25,3.273,2024-02-06,2034-02-05,120,30-59 Days,52,MI,Purchase,SingleFamily,598,0.4298,0.428,Complete,2026-07-08T09:00:00Z,OriginationCore,AtlasLoanCare
,BR-000070,Nisha Reddy,396487.86,288626.16,9.151,2023-07-04,2038-07-04,180,Current,0,WI,Purchase,SingleFamily,671,0.9104,0.1871,Complete,2026-08-06T09:00:00Z,OriginationCore,MeridianServicing
LN-000229,BR-001619,Priya Banerjee,289289.83,0.0,4.798,2025-06-08,2055-06-09,360,Paid Off,0,FL,Construction,MultiFamily,742,0.4792,0.3871,Pending,2026-08-02T09:00:00Z,OriginationCore,AtlasLoanCare
LN-000230,BR-002346,Aman Malhotra,520495.56,314495.63,9.177,2026-04-13,2046-04-13,240,Current,0,MD,Refinance,MultiFamily,634,0.627,0.3761,Complete,2026-08-26T09:00:00Z,OriginationCore,ServicerX
LN-000231,BR-002324,Arjun Kulkarni,574352.18,344860.53,8.305,2023-12-06,2038-12-06,180,Current,0,ME,Purchase,MultiFamily,605,0.5086,0.3532,Missing,2024-07-03T09:00:00Z,OriginationCore,MeridianServicing
LN-000232,BR-001991,Tara Verma,135038.3,127753.28,10.088,2023-10-11,2038-10-11,180,Current,0,VT,Refinance,MultiFamily,786,0.574,0.2999,Complete,2026-08-06T09:00:00Z,OriginationCore,ServicerX
LN-000233,BR-001966,Tara Gupta,285177.86,242120.36,7.126,2021-07-07,2036-07-07,180,Current,0,NY,Purchase,Condo,745,0.7336,0.4446,Pending,2026-08-05T09:00:00Z,OriginationCore,ServicerX
LN-000234,BR-000077,Kavya Sharma,273749.45,159772.07,12.345,2024-03-15,2054-03-16,360,Default,329,MT,Refinance,SingleFamily,721,0.5433,0.4629,Complete,2026-08-22T09:00:00Z,OriginationCore,AtlasLoanCare
LN-000235,BR-001192,Ananya Gupta,383623.59,310514.27,8.763,2022-04-21,2037-04-21,180,Default,204,MT,CashOutRefi,SingleFamily,749,0.5314,0.4874,Missing,2026-07-03T09:00:00Z,OriginationCore,AtlasLoanCare
LN-000236,BR-000599,Dev Rao,429287.38,415306.87,3.465,2024-10-31,2039-11-01,180,Current,0,IA,Purchase,MultiFamily,674,0.5287,0.384,Complete,2026-07-15T09:00:00Z,OriginationCore,MeridianServicing
LN-000237,BR-001328,Rahul Desai,830216.65,471196.16,10.286,2021-02-20,2046-02-21,300,Current,88,WV,CashOutRefi,Condo,676,0.7595,0.2779,Complete,2026-07-16T09:00:00Z,OriginationCore,ServicerX
LN-000238,BR-001663,Aditya Rao,369879.46,0.0,8.599,2023-08-02,2053-08-02,360,Paid Off,0,RI,Purchase,Condo,692,0.4911,0.177,Complete,2026-07-24T09:00:00Z,OriginationCore,ServicerX
LN-000239,BR-000944,Manav Verma,183753.75,167116.73,11.283,2024-04-23,2039-04-24,180,Current,0,UT,Construction,Townhouse,633,0.7249,0.3765,Complete,2026-07-15T09:00:00Z,OriginationCore,ServicerX
LN-000240,BR-002345,Ananya Iyer,537463.53,444481.15,4.913,2024-12-21,2034-12-21,120,Current,0,ND,Construction,SingleFamily,804,0.7958,0.3816,Complete,2026-08-24T09:00:00Z,OriginationCore,ServicerX
LN-000241,BR-001683,Aman Kapoor,565547.01,430909.55,12.138,2021-05-15,2036-05-15,180,Current,0,SC,CashOutRefi,Condo,765,0.7771,0.4728,Complete,2026-08-12T09:00:00Z,OriginationCore,ServicerX
LN-000242,BR-002066,Manav Kapoor,377642.6,241326.22,9.963,2022-03-01,2037-03-01,180,Current,0,NM,Purchase,SingleFamily,603,0.6652,0.1956,Complete,2026-07-02T09:00:00Z,OriginationCore,ServicerX
LN-000243,BR-001975,Nisha Rao,364820.83,285698.22,-2.49,2021-09-08,2046-09-09,300,Current,0,NV,Refinance,MultiFamily,702,0.8212,0.4685,Complete,2026-08-12T09:00:00Z,OriginationCore,AtlasLoanCare
LN-000244,BR-002368,Kavya Reddy,269134.23,236085.65,8.977,2021-10-28,2051-10-29,360,Current,0,TN,Refinance,MultiFamily,684,0.5992,0.2042,Complete,2026-08-26T09:00:00Z,OriginationCore,MeridianServicing
LN-000245,BR-000835,Manav Kulkarni,529969.7,522757.56,12.014,2021-08-28,2041-08-28,240,Current,0,ID,CashOutRefi,Townhouse,644,0.9437,0.3522,Complete,2026-08-01T09:00:00Z,OriginationCore,MeridianServicing
LN-000246,BR-000411,Sneha Desai,685642.07,588073.17,7.606,2025-01-26,2040-01-27,180,Current,0,OK,Purchase,Condo,679,0.9305,0.1519,Complete,2026-08-16T09:00:00Z,OriginationCore,ServicerX
LN-000247,BR-000155,Nisha Malhotra,124919.59,89088.59,10.061,2021-07-10,2046-07-11,300,Current,0,VA,Purchase,Condo,743,0.6719,0.1537,Pending,2026-07-19T09:00:00Z,OriginationCore,AtlasLoanCare
LN-000483,BR-000695,Arjun Rao,78567.95,61044.0,5.751,2024-03-22,2044-03-22,240,Current,0,HI,Purchase,MultiFamily,779,0.6197,0.3844,Complete,2026-08-12T09:00:00Z,OriginationCore,ServicerX
LN-000249,BR-002291,Riya Rao,-676386.71,398846.97,6.996,2026-03-27,2056-03-27,360,Current,0,IA,Refinance,Townhouse,818,0.6222,0.1516,Complete,2026-08-08T09:00:00Z,OriginationCore,AtlasLoanCare
LN-000250,BR-001056,Siddharth Menon,477693.79,287325.15,5.877,2025-08-05,2035-08-05,120,Current,0,MO,Construction,Condo,773,0.5868,0.4215,Complete,2026-07-25T09:00:00Z,OriginationCore,AtlasLoanCare
LN-000251,BR-000942,Ishita Sethi,148828.06,123350.36,13.988,2020-12-31,2030-12-31,120,Current,0,VT,CashOutRefi,Condo,653,0.4512,0.3858,Pending,2026-08-12T09:00:00Z,OriginationCore,ServicerX
LN-000252,BR-000749,Sneha Banerjee,455072.14,429360.18,11.477,2024-05-27,2054-05-28,360,Current,0,WV,Refinance,MultiFamily,632,0.5261,0.4422,Pending,2026-08-09T09:00:00Z,OriginationCore,MeridianServicing
LN-000253,BR-000028,Siddharth Iyer,151896.72,147422.31,12.752,2025-03-18,2040-03-18,180,Current,0,SC,CashOutRefi,Townhouse,809,0.9419,0.4639,Pending,2026-07-26T09:00:00Z,OriginationCore,MeridianServicing
LN-000254,BR-002154,Manav Banerjee,288226.63,231657.16,13.806,2020-09-03,2035-09-04,180,Current,0,NC,CashOutRefi,Townhouse,800,0.7775,0.2112,Missing,2026-08-23T09:00:00Z,OriginationCore,AtlasLoanCare
LN-000255,BR-002380,Rahul Verma,318303.58,269477.51,7.158,2021-03-31,2051-04-01,360,Current,0,ID,CashOutRefi,Condo,648,0.6592,0.3646,Complete,2026-08-02T09:00:00Z,OriginationCore,MeridianServicing
LN-000256,BR-001146,Tara Mehta,406229.0,288680.27,9.571,2024-01-17,2049-01-17,300,30-59 Days,48,UT,Refinance,SingleFamily,764,0.5485,0.2325,Complete,2026-08-01T09:00:00Z,OriginationCore,MeridianServicing
LN-000257,BR-000724,Manav Banerjee,730031.84,553447.57,4.546,2024-10-08,2039-10-09,180,30-59 Days,58,SD,CashOutRefi,Townhouse,656,0.538,0.4505,Complete,2026-08-26T09:00:00Z,OriginationCore,ServicerX
LN-000258,BR-001843,Ishita Pillai,233147.23,214296.71,7.151,2025-09-25,2040-09-25,180,Current,0,MN,Purchase,Townhouse,611,0.5931,0.3879,Complete,2026-08-20T09:00:00Z,OriginationCore,AtlasLoanCare
LN-000259,BR-001997,Tara Nair,882467.16,611584.8,7.382,2024-06-13,2054-06-14,360,Current,0,NJ,Refinance,Condo,743,0.8442,0.2681,Complete,2026-07-25T09:00:00Z,OriginationCore,AtlasLoanCare
LN-000260,BR-001194,Divya Trivedi,117245.14,80656.7,10.413,2025-08-09,2050-08-10,300,Current,0,NH,CashOutRefi,Townhouse,685,0.492,0.449,Complete,2026-07-16T09:00:00Z,OriginationCore,ServicerX
LN-000261,BR-002247,Arjun Sharma,228985.77,135569.57,11.866,2025-07-05,2045-07-05,240,Current,0,CT,CashOutRefi,Condo,601,0.7602,0.4599,Complete,2026-07-27T09:00:00Z,OriginationCore,ServicerX
LN-000262,BR-000144,Aditya Verma,582508.58,535294.99,12.939,2021-06-08,2041-06-08,240,Current,0,OH,CashOutRefi,Townhouse,614,0.9332,0.3942,Complete,2026-08-25T09:00:00Z,OriginationCore,AtlasLoanCare
LN-000263,BR-001973,Siddharth Chauhan,494940.83,339653.63,12.254,2021-07-12,2046-07-13,300,Current,0,MD,CashOutRefi,Townhouse,646,0.4856,0.1537,Complete,2026-08-04T09:00:00Z,OriginationCore,ServicerX
LN-000264,BR-001955,Rohan Sharma,448818.26,428944.09,11.807,2023-03-11,2043-03-11,240,Current,0,RI,Refinance,SingleFamily,720,0.6055,0.2941,Complete,2026-07-09T09:00:00Z,OriginationCore,MeridianServicing
LN-000265,BR-001078,Meera Sethi,657697.29,601469.31,10.191,2024-07-29,2039-07-30,180,Current,0,ME,CashOutRefi,Townhouse,628,0.8694,0.2138,Complete,2026-08-12T09:00:00Z,OriginationCore,AtlasLoanCare
LN-000266,BR-000624,Arjun Kulkarni,,177966.94,3.255,2021-04-30,2046-05-01,300,Current,0,ME,CashOutRefi,Condo,763,0.6411,0.1529,Complete,2026-08-25T09:00:00Z,OriginationCore,ServicerX
LN-000267,BR-001900,Arjun Verma,340625.93,307164.01,3.923,2023-12-21,2048-12-21,300,Current,0,AR,CashOutRefi,Townhouse,598,0.6988,0.2136,Pending,2026-08-03T09:00:00Z,OriginationCore,MeridianServicing
LN-000268,BR-001815,Karan Iyer,153667.32,101350.27,5.291,2026-04-07,2051-04-08,300,30-59 Days,53,WY,Purchase,Condo,701,0.614,0.4864,Pending,2026-07-08T09:00:00Z,OriginationCore,ServicerX
LN-000269,BR-000893,Rahul Chauhan,265315.83,169122.5,10.278,2025-01-13,2035-01-13,120,Current,0,AL,Refinance,MultiFamily,729,0.4658,0.4262,Complete,2026-08-23T09:00:00Z,OriginationCore,ServicerX
LN-000270,BR-000646,Dev Nair,635145.56,564740.11,10.888,2021-01-28,2051-01-29,360,Current,0,WI,Purchase,SingleFamily,671,0.7545,0.3955,Complete,2026-08-11T09:00:00Z,OriginationCore,ServicerX
LN-000271,BR-001797,Sneha Sharma,319228.63,266123.11,10.926,2023-10-18,2048-10-18,300,Current,0,WA,Refinance,MultiFamily,810,0.4217,0.3973,Complete,2026-08-04T09:00:00Z,OriginationCore,AtlasLoanCare
LN-000272,BR-001128,Aman Kulkarni,531696.47,368157.05,4.844,2024-04-11,2049-04-12,300,Current,0,NH,CashOutRefi,MultiFamily,718,0.6019,0.1503,Complete,2026-07-28T09:00:00Z,OriginationCore,MeridianServicing
LN-000273,BR-000260,Siddharth Malhotra,576774.42,474620.07,5.183,2026-03-13,2041-03-13,180,Current,0,WY,Refinance,MultiFamily,662,0.6254,0.2627,Complete,2026-08-06T09:00:00Z,OriginationCore,AtlasLoanCare
LN-000274,BR-000439,Dev Bose,759914.35,710015.96,4.136,2025-11-30,2035-11-30,120,Current,0,TX,Construction,MultiFamily,592,0.6015,0.3621,Complete,2026-08-14T09:00:00Z,OriginationCore,ServicerX
LN-000275,BR-001704,Aditya Iyer,447850.27,317439.61,12.472,2025-07-05,2050-07-06,300,Current,0,ND,Purchase,SingleFamily,793,0.5671,0.4806,Missing,2026-07-10T09:00:00Z,OriginationCore,ServicerX
LN-000276,BR-002335,Vikram Kulkarni,501911.89,392256.43,11.616,2023-10-25,2033-10-24,120,Current,0,WV,Purchase,MultiFamily,752,0.6523,0.3828,Pending,2026-08-11T09:00:00Z,OriginationCore,ServicerX
LN-000277,BR-001815,Aditya Verma,478988.86,375966.12,9.326,2021-11-26,2021-06-11,180,Current,0,MS,Construction,Townhouse,791,0.7992,0.3629,Complete,2026-07-19T09:00:00Z,OriginationCore,ServicerX
LN-000278,BR-000142,Rohan Trivedi,356007.26,346153.96,3.187,2023-07-23,2048-07-23,300,Current,0,MD,Purchase,MultiFamily,636,0.5182,0.2602,Complete,2026-08-26T09:00:00Z,OriginationCore,AtlasLoanCare
LN-000279,BR-000387,Arjun Gupta,522874.62,0.0,7.09,2020-09-02,2040-09-02,240,Paid Off,0,KY,CashOutRefi,Condo,639,0.5409,0.2551,Complete,2026-08-17T09:00:00Z,OriginationCore,AtlasLoanCare
LN-000280,BR-002361,Rahul Trivedi,665043.45,416368.47,10.386,2025-07-16,2040-07-16,180,60-89 Days,61,WA,Construction,SingleFamily,779,0.4308,0.4198,Complete,2026-07-05T09:00:00Z,OriginationCore,MeridianServicing
LN-000281,BR-000047,Nisha Iyer,789318.54,660835.51,6.505,2025-01-20,2050-01-21,300,Current,0,MA,Refinance,MultiFamily,708,0.7838,0.2036,Complete,2025-10-10T09:00:00Z,OriginationCore,MeridianServicing
LN-000282,BR-000542,Ishita Nair,126570.51,113407.44,8.472,2020-09-29,2045-09-30,300,Current,0,OK,Construction,MultiFamily,601,0.6192,0.3021,Complete,2026-08-17T09:00:00Z,OriginationCore,ServicerX
LN-000283,BR-002148,Karan Chauhan,464681.93,295669.53,3.824,2024-03-08,2049-03-09,300,Current,0,MA,Purchase,SingleFamily,751,0.6275,0.2778,Complete,2026-07-18T09:00:00Z,OriginationCore,MeridianServicing
LN-000284,BR-001812,Aman Kapoor,704229.1,495689.41,8.065,2026-02-18,2056-02-19,360,Current,0,IL,CashOutRefi,Condo,773,0.8007,0.18,Complete,2026-07-05T09:00:00Z,OriginationCore,ServicerX
LN-000285,BR-000456,Rohan Gupta,788439.5,438405.99,8.419,2024-10-01,2054-10-02,360,60-89 Days,70,IN,Refinance,Condo,719,0.6878,0.2405,Complete,2026-07-13T09:00:00Z,OriginationCore,AtlasLoanCare
LN-000286,BR-000179,Divya Mehta,370115.67,0.0,3.691,2026-03-14,2041-03-14,180,Paid Off,0,VT,CashOutRefi,SingleFamily,699,0.7601,0.1529,Complete,2026-07-24T09:00:00Z,OriginationCore,MeridianServicing
LN-000287,BR-001560,Kavya Reddy,66216.58,55339.9,13.395,2025-03-13,2045-03-13,240,90+ Days,152,RI,Purchase,Condo,630,0.6754,0.3103,Pending,2026-08-12T09:00:00Z,OriginationCore,ServicerX
LN-000288,BR-000644,Priya Rao,833929.6,638431.86,10.87,2023-08-19,2033-08-18,120,Current,0,SD,CashOutRefi,Condo,708,0.5517,0.1717,Complete,2026-07-10T09:00:00Z,OriginationCore,MeridianServicing
LN-000289,BR-000360,Nisha Desai,241745.29,174746.19,14.047,2023-04-07,2033-04-06,120,Current,0,NE,Refinance,Condo,689,0.9338,0.4684,Complete,2026-08-18T09:00:00Z,OriginationCore,AtlasLoanCare
LN-000290,BR-000566,Rohan Desai,604601.75,514504.84,13.46,2024-02-02,2039-02-02,180,Current,0,WY,Refinance,Condo,661,0.4373,0.3365,Complete,2026-08-14T09:00:00Z,OriginationCore,ServicerX
LN-000291,BR-001685,Rohan Gupta,668017.6,626104.86,11.575,2024-10-09,2044-10-09,240,Current,151,SD,CashOutRefi,Condo,779,0.5034,0.196,Complete,2026-07-31T09:00:00Z,OriginationCore,AtlasLoanCare
LN-000292,BR-000107,Aditya Nair,564763.83,458813.4,10.914,2023-05-31,2053-05-31,360,Current,0,FL,Construction,MultiFamily,627,0.8687,0.322,Complete,2026-08-12T09:00:00Z,OriginationCore,ServicerX
LN-000293,BR-001692,Karan Bose,397300.79,0.0,11.714,2026-01-16,2041-01-16,180,Closed,0,ID,Construction,Townhouse,756,0.5787,0.3101,Complete,2026-08-09T09:00:00Z,OriginationCore,MeridianServicing
LN-000294,BR-002197,Kavya Iyer,662170.78,637816.95,8.987,2022-02-20,2032-02-20,120,Current,0,NJ,Purchase,Condo,712,0.6958,0.4943,Complete,2026-07-21T09:00:00Z,OriginationCore,MeridianServicing
LN-000295,BR-001172,Tara Mehta,211372.79,198507.57,7.858,2025-11-08,2055-11-09,360,Current,0,VT,Refinance,Townhouse,792,0.7554,0.1817,Complete,2026-07-08T09:00:00Z,OriginationCore,ServicerX
LN-000296,BR-000828,Tara Nair,384106.71,215469.01,5.876,2024-11-20,2054-11-21,360,Current,0,VA,Purchase,SingleFamily,609,0.7884,0.3719,Complete,2026-07-28T09:00:00Z,OriginationCore,AtlasLoanCare
LN-000297,BR-000700,Ishita Menon,570261.65,451734.01,13.02,2020-09-01,2045-09-02,300,Current,0,HI,Refinance,Condo,776,0.7916,0.2969,Complete,2026-08-24T09:00:00Z,OriginationCore,MeridianServicing
LN-000298,BR-001037,Priya Gupta,149920.88,95837.63,8.723,2024-05-18,2044-05-18,240,30-59 Days,0,OH,Purchase,Townhouse,640,0.5193,0.3808,Complete,2026-07-18T09:00:00Z,OriginationCore,MeridianServicing
LN-000299,BR-000851,Arjun Mehta,258006.2,212260.94,4.705,2026-05-02,2036-05-01,120,Current,0,AZ,Refinance,SingleFamily,750,0.718,0.3611,Complete,2026-07-22T09:00:00Z,OriginationCore,ServicerX
LN-000300,BR-002345,Siddharth Mehta,404413.39,342020.42,14.112,2025-03-08,2035-03-08,120,Current,0,AZ,Purchase,MultiFamily,662,0.6027,0.2826,Complete,2026-07-18T09:00:00Z,OriginationCore,MeridianServicing
LN-000301,BR-001349,Kavya Sethi,298907.81,255755.25,9.033,2025-09-05,2055-09-06,360,Current,0,SC,Purchase,SingleFamily,726,0.8014,0.3701,Missing,2026-08-09T09:00:00Z,OriginationCore,MeridianServicing
LN-000302,BR-001450,Ananya Trivedi,412995.56,3646.82,9.47,2023-03-09,2053-03-09,360,Closed,0,WA,Construction,Townhouse,786,0.4989,0.3633,Complete,2026-07-21T09:00:00Z,OriginationCore,ServicerX
LN-000303,BR-000850,Aman Sethi,70388.78,42366.11,7.761,2025-01-29,2035-01-29,120,Current,0,MN,Refinance,SingleFamily,743,0.5107,0.2486,Complete,2026-07-03T09:00:00Z,OriginationCore,MeridianServicing
LN-000304,BR-001399,Nisha Menon,517494.56,310542.37,10.084,2020-09-21,2040-09-21,240,30-59 Days,30,ID,Refinance,MultiFamily,793,0.5859,0.3854,Pending,2026-08-05T09:00:00Z,OriginationCore,ServicerX
LN-000305,BR-001895,Manav Iyer,182078.35,169460.09,12.604,2021-01-02,2036-01-03,180,Current,0,OR,CashOutRefi,SingleFamily,633,0.7176,0.2661,Pending,2026-08-05T09:00:00Z,OriginationCore,MeridianServicing
LN-000306,BR-002189,Vikram Menon,288391.02,283428.46,9.965,2024-09-24,2034-09-24,120,Current,0,RI,Purchase,MultiFamily,760,0.8718,0.3984,Complete,2026-07-17T09:00:00Z,OriginationCore,ServicerX
LN-000307,BR-001239,Vikram Reddy,365846.04,249930.15,7.303,2023-09-28,2048-09-28,300,60-89 Days,61,WY,Refinance,SingleFamily,693,0.6783,0.4297,Pending,2026-07-24T09:00:00Z,OriginationCore,ServicerX
LN-000308,BR-001341,Ananya Reddy,835091.25,651702.12,12.455,2022-08-04,2037-08-04,180,30-59 Days,46,UT,Refinance,Condo,765,0.4201,0.2857,Pending,2026-07-08T09:00:00Z,OriginationCore,ServicerX
LN-000309,BR-001366,Tara Iyer,842486.74,683666.65,4.186,2022-12-02,2032-12-01,120,Current,0,AK,CashOutRefi,Condo,662,0.5103,0.2503,Complete,2026-08-21T09:00:00Z,OriginationCore,MeridianServicing
LN-000310,BR-002293,Kavya Reddy,176922.61,98495.11,5.376,2023-05-08,2033-05-07,120,Current,0,OK,CashOutRefi,MultiFamily,616,0.9188,0.4314,Complete,2026-07-18T09:00:00Z,OriginationCore,ServicerX
LN-000311,BR-000119,Dev Iyer,571273.45,425715.81,4.218,2022-11-30,2032-11-29,120,Current,0,CO,Construction,Townhouse,625,0.7876,0.4619,Complete,2026-08-18T09:00:00Z,OriginationCore,AtlasLoanCare
LN-000312,BR-002186,Meera Gupta,315574.55,272553.98,9.53,2022-06-02,2047-06-03,300,60-89 Days,62,VT,Construction,SingleFamily,696,0.5707,0.3755,Complete,2026-07-15T09:00:00Z,OriginationCore,MeridianServicing
LN-000313,BR-001606,Vikram Verma,172163.43,114237.88,12.071,2023-11-24,2038-11-24,180,Default,264,NJ,Construction,SingleFamily,596,0.6614,0.273,Complete,2026-08-03T09:00:00Z,OriginationCore,ServicerX
LN-000314,BR-000439,Ishita Kulkarni,563774.2,335609.24,10.469,2022-07-01,2042-07-01,240,Current,0,OH,Construction,Townhouse,731,0.6274,0.3673,Complete,2026-07-05T09:00:00Z,OriginationCore,MeridianServicing
LN-000315,BR-001784,Riya Verma,339607.03,275090.83,9.262,2025-08-31,2050-09-01,300,60-89 Days,67,ID,Purchase,Townhouse,609,0.7257,0.312,Complete,2026-07-07T09:00:00Z,OriginationCore,MeridianServicing
LN-000316,BR-001553,Ishita Banerjee,862500.93,515644.14,10.417,2022-12-14,2037-12-14,180,Current,0,CO,Refinance,Condo,807,0.7194,0.4142,Pending,2026-07-05T09:00:00Z,OriginationCore,ServicerX
,BR-000843,Ishita Joshi,501567.45,403405.6,9.558,2021-04-29,2036-04-29,180,Current,0,NV,CashOutRefi,SingleFamily,729,0.4045,0.4952,Complete,2026-08-14T09:00:00Z,OriginationCore,ServicerX
LN-000318,BR-002294,Aditya Reddy,363839.46,208616.82,12.904,2025-09-15,2045-09-15,240,Current,0,KS,Construction,Townhouse,740,0.575,0.284,Complete,2026-07-12T09:00:00Z,OriginationCore,AtlasLoanCare
LN-000319,BR-001709,Ananya Joshi,453640.7,326268.29,14.471,2024-06-17,2039-06-18,180,Current,0,FL,Purchase,SingleFamily,745,0.4086,0.4025,Complete,2026-08-03T09:00:00Z,OriginationCore,MeridianServicing
LN-000320,BR-001744,Aman Mehta,166637.23,154717.2,8.226,2025-06-16,2040-06-16,180,60-89 Days,73,OK,Construction,Townhouse,670,0.5242,0.2987,Complete,2026-07-07T09:00:00Z,OriginationCore,MeridianServicing
LN-000321,BR-001504,Arjun Iyer,278862.88,0.0,9.534,2020-10-11,2035-10-12,180,Paid Off,0,DE,Construction,SingleFamily,616,0.8016,0.3342,Pending,2024-03-23T09:00:00Z,OriginationCore,MeridianServicing
LN-000322,BR-000320,Siddharth Menon,494853.28,325564.85,6.594,2025-07-12,2050-07-13,300,Current,0,MI,Purchase,Townhouse,696,0.682,0.3142,Complete,2026-07-17T09:00:00Z,OriginationCore,MeridianServicing
LN-000323,BR-001246,Riya Pillai,295827.18,282828.65,3.706,2023-02-07,2043-02-07,240,Current,0,PA,Refinance,SingleFamily,748,0.9447,0.4331,Complete,2026-07-10T09:00:00Z,OriginationCore,MeridianServicing
LN-000324,BR-000543,Aman Pillai,157798.14,141206.56,6.165,2025-06-25,2050-06-26,300,Current,0,AL,Purchase,Condo,812,0.7255,0.2029,Complete,2026-08-10T09:00:00Z,OriginationCore,ServicerX
LN-000325,BR-000346,Ananya Trivedi,462180.74,429498.25,13.74,2023-10-04,2043-10-04,240,60-89 Days,64,NY,Construction,Townhouse,640,0.7634,0.4041,Complete,2026-08-05T09:00:00Z,OriginationCore,AtlasLoanCare
LN-000326,BR-001901,Nisha Banerjee,595921.93,358171.44,6.466,2025-10-18,2045-10-18,240,30-59 Days,53,WI,Refinance,Townhouse,754,0.7881,0.3161,Complete,2026-08-16T09:00:00Z,OriginationCore,MeridianServicing
LN-000327,BR-000169,Rahul Kulkarni,838139.15,711192.16,10.33,2023-03-03,2033-03-02,120,Current,0,SC,CashOutRefi,MultiFamily,649,0.5469,0.1844,Complete,2026-07-24T09:00:00Z,OriginationCore,MeridianServicing
LN-000328,BR-000737,Ishita Kulkarni,674166.44,428612.98,3.122,2023-09-11,2048-09-11,300,Current,0,CA,Purchase,Townhouse,605,0.6889,0.3899,Complete,2026-08-05T09:00:00Z,OriginationCore,AtlasLoanCare
LN-000329,BR-000889,Aman Reddy,214117.6,126426.63,11.143,2023-08-01,2043-08-01,240,Current,0,CO,Refinance,Townhouse,748,0.8201,0.3768,Pending,2026-07-19T09:00:00Z,OriginationCore,ServicerX
LN-000330,BR-001858,Divya Sethi,265335.38,255231.44,10.961,2024-05-04,2034-05-04,120,Current,0,KY,Refinance,SingleFamily,650,0.8274,0.284,Complete,2026-07-17T09:00:00Z,OriginationCore,ServicerX
LN-000331,BR-001609,Vikram Banerjee,201240.06,197405.57,4.247,2023-06-09,2043-06-09,240,Current,0,IN,Purchase,Townhouse,763,0.5424,0.1622,Complete,2026-08-14T09:00:00Z,OriginationCore,AtlasLoanCare
LN-000332,BR-000155,Nisha Pillai,65950.07,55217.4,4.743,2021-05-28,2041-05-28,240,Current,0,MT,Purchase,Townhouse,702,0.6398,0.4454,Complete,2026-08-26T09:00:00Z,OriginationCore,ServicerX
LN-000333,BR-001975,Rahul Menon,-52811.26,0.0,9.156,2023-11-15,2053-11-15,360,Paid Off,0,MI,CashOutRefi,Townhouse,594,0.7477,0.4856,Complete,2026-07-05T09:00:00Z,OriginationCore,AtlasLoanCare
LN-000334,BR-000724,Siddharth Iyer,765004.35,518353.04,14.126,2025-07-03,2045-07-03,240,30-59 Days,51,IL,CashOutRefi,Townhouse,809,0.4587,0.3911,Complete,2026-08-14T09:00:00Z,OriginationCore,AtlasLoanCare
LN-000335,BR-000977,Dev Malhotra,168951.51,146427.77,3.724,2024-04-12,2049-04-13,300,Current,0,NY,Construction,SingleFamily,589,0.5866,0.2682,Complete,2026-07-20T09:00:00Z,OriginationCore,MeridianServicing
LN-000336,BR-002198,Ananya Menon,736038.15,553267.34,5.679,2024-01-12,2034-01-11,120,Current,0,AZ,Refinance,Townhouse,747,0.4105,0.4675,Complete,2026-07-14T09:00:00Z,OriginationCore,ServicerX
LN-000337,BR-000399,Tara Trivedi,196411.66,134586.85,4.963,2026-03-31,2041-03-31,180,Current,0,CT,Purchase,Townhouse,732,0.8395,0.2272,Pending,2026-07-07T09:00:00Z,OriginationCore,MeridianServicing
LN-000338,BR-002236,Ananya Verma,325599.7,0.0,12.619,2021-11-24,2041-11-24,240,Closed,0,WI,Purchase,Condo,665,0.4348,0.2459,Complete,2026-07-21T09:00:00Z,OriginationCore,ServicerX
LN-000339,BR-000547,Rahul Trivedi,422862.03,0.0,7.326,2024-07-22,2044-07-22,240,Paid Off,0,AK,Construction,SingleFamily,581,0.404,0.4741,Complete,2026-08-24T09:00:00Z,OriginationCore,AtlasLoanCare
LN-000340,BR-000845,Ananya Pillai,639478.0,485648.68,9.015,2021-09-27,2041-09-27,240,60-89 Days,73,KS,Refinance,SingleFamily,732,0.499,0.325,Missing,2026-08-18T09:00:00Z,OriginationCore,AtlasLoanCare
LN-000341,BR-000392,Aman Rao,405967.99,257561.22,12.921,2022-07-04,2042-07-04,240,Current,0,NJ,Refinance,MultiFamily,593,0.5065,0.4288,Complete,2026-07-24T09:00:00Z,OriginationCore,MeridianServicing
LN-000342,BR-001492,Rohan Bose,185795.65,0.0,7.999,2024-06-05,2049-06-06,300,Paid Off,0,SC,Construction,SingleFamily,606,0.8072,0.4737,Complete,2026-08-23T09:00:00Z,OriginationCore,ServicerX
LN-000343,BR-001336,Manav Bose,110230.57,82201.27,11.591,2025-02-07,2050-02-08,300,Current,0,IA,Purchase,MultiFamily,638,0.4539,0.4082,Pending,2026-07-20T09:00:00Z,OriginationCore,MeridianServicing
LN-000344,BR-000886,Aman Gupta,450341.72,424138.63,5.048,2025-07-31,2040-07-31,180,Current,0,FL,Construction,Condo,741,0.5972,0.2444,Complete,2026-08-17T09:00:00Z,OriginationCore,ServicerX
LN-000345,BR-000702,Ishita Chauhan,288513.53,217780.14,13.194,2025-09-26,2055-09-27,360,Current,0,SD,Refinance,Condo,602,0.6264,0.3326,Pending,2026-07-31T09:00:00Z,OriginationCore,ServicerX
LN-000346,BR-001011,Karan Verma,761440.67,663373.06,7.994,2021-02-04,2051-02-05,360,Current,0,PA,Refinance,SingleFamily,686,0.9391,0.164,Complete,2026-07-10T09:00:00Z,OriginationCore,AtlasLoanCare
LN-000347,BR-000402,Tara Banerjee,501453.47,451873.62,5.766,2021-08-19,2031-08-19,120,Current,0,VT,Construction,Condo,613,0.5971,0.2337,Missing,2026-07-05T09:00:00Z,OriginationCore,ServicerX
LN-000348,BR-000100,Tara Gupta,187532.41,"1,25,000",11.876,2022-12-27,2047-12-28,300,Current,0,ID,CashOutRefi,Townhouse,760,0.7484,0.4511,Complete,2026-07-20T09:00:00Z,OriginationCore,AtlasLoanCare
LN-000349,BR-002222,Riya Bose,302101.48,258944.53,12.058,2026-01-15,2046-01-15,240,30-59 Days,32,SC,CashOutRefi,SingleFamily,711,0.9199,0.3861,Pending,2026-07-18T09:00:00Z,OriginationCore,ServicerX
LN-000350,BR-002289,Meera Kulkarni,445549.94,316888.71,11.157,2022-04-22,2047-04-23,300,Current,0,FL,CashOutRefi,Condo,718,0.4625,0.3175,Pending,2026-07-16T09:00:00Z,OriginationCore,AtlasLoanCare
LN-000351,BR-001136,Arjun Nair,322394.24,248749.41,7.287,2023-11-17,2038-11-17,180,Default,296,NY,Purchase,Townhouse,761,0.6925,0.4389,Pending,2026-07-30T09:00:00Z,OriginationCore,MeridianServicing
LN-000352,BR-000269,Sneha Gupta,729918.29,0.0,4.004,2022-04-12,2052-04-12,360,Paid Off,0,ID,CashOutRefi,SingleFamily,607,0.4906,0.1892,Complete,2026-07-06T09:00:00Z,OriginationCore,ServicerX
LN-000353,BR-000541,Dev Rao,299194.03,0.0,7.831,2026-02-25,2041-02-25,180,Closed,0,ME,Refinance,SingleFamily,585,0.8795,0.2313,Pending,2026-07-23T09:00:00Z,OriginationCore,AtlasLoanCare
LN-000354,BR-002172,Siddharth Gupta,541898.91,485651.28,8.267,2021-10-15,2041-10-15,240,Current,0,MD,Refinance,MultiFamily,638,0.6663,0.4898,Complete,2026-07-26T09:00:00Z,OriginationCore,ServicerX
LN-000355,BR-000659,Siddharth Joshi,291724.73,0.0,5.096,2022-06-12,2037-06-12,180,Paid Off,0,VA,Refinance,Condo,640,0.4643,0.4978,Complete,2026-07-18T09:00:00Z,OriginationCore,MeridianServicing
LN-000356,BR-001409,Ananya Rao,206822.1,116908.92,8.157,2022-04-05,2042-04-05,240,Current,0,OH,CashOutRefi,SingleFamily,815,0.4137,0.4759,Complete,2026-08-06T09:00:00Z,OriginationCore,MeridianServicing
LN-000357,BR-001211,Dev Joshi,53650.16,52537.69,14.15,2024-08-27,2044-08-27,240,30-59 Days,54,OR,Refinance,Townhouse,666,0.779,0.4061,Pending,2026-08-05T09:00:00Z,OriginationCore,ServicerX
LN-000358,BR-001464,Meera Verma,311869.87,286915.87,3.633,2025-02-04,2055-02-05,360,Current,0,PA,Refinance,MultiFamily,630,0.4124,0.3384,Complete,2026-07-29T09:00:00Z,OriginationCore,AtlasLoanCare
LN-000359,BR-000230,Aditya Malhotra,385260.07,314139.38,4.701,2020-08-31,2030-08-31,120,Current,0,MS,Construction,MultiFamily,583,0.5566,0.273,Missing,2026-07-25T09:00:00Z,OriginationCore,AtlasLoanCare
LN-000360,BR-001813,Rohan Mehta,668675.35,659810.56,12.265,2023-12-27,2033-12-26,120,Current,0,WA,Construction,Condo,793,0.7229,0.1801,Complete,2026-07-06T09:00:00Z,OriginationCore,MeridianServicing
LN-000361,BR-001540,Meera Sharma,106198.41,0.0,7.709,2022-08-24,2052-08-24,360,Closed,0,NE,Refinance,Townhouse,761,0.7124,0.4702,Complete,2026-07-09T09:00:00Z,OriginationCore,MeridianServicing
LN-000362,BR-002024,Siddharth Gupta,85897.98,78787.13,5.582,2020-11-26,2040-11-26,240,60-89 Days,85,AL,Refinance,MultiFamily,656,0.9258,0.442,Complete,2026-08-07T09:00:00Z,OriginationCore,AtlasLoanCare
LN-000363,BR-001003,Priya Reddy,202466.46,0.0,11.794,2021-09-23,2041-09-23,240,Paid Off,0,CA,CashOutRefi,Townhouse,724,0.6398,0.2403,Complete,2026-07-16T09:00:00Z,OriginationCore,AtlasLoanCare
LN-000364,BR-002383,Arjun Kapoor,485646.99,447729.24,6.676,2022-03-22,2032-03-21,120,Current,0,MN,Refinance,SingleFamily,649,0.5986,0.3727,Missing,2026-08-16T09:00:00Z,OriginationCore,ServicerX
LN-000365,BR-000794,Vikram Reddy,500170.48,0.0,9.886,2023-02-19,2043-02-19,240,Paid Off,0,OH,CashOutRefi,MultiFamily,791,0.8647,0.43,Complete,2026-07-25T09:00:00Z,OriginationCore,AtlasLoanCare
LN-000366,BR-002123,Rohan Rao,504257.27,309228.56,11.956,2025-05-01,2045-05-01,240,Current,0,MI,Refinance,SingleFamily,635,0.485,0.2274,Complete,2026-08-18T09:00:00Z,OriginationCore,AtlasLoanCare
LN-000367,BR-000538,Priya Banerjee,404744.32,0.0,7.004,2025-02-16,2055-02-17,360,Paid Off,0,FL,Construction,MultiFamily,624,0.7904,0.1601,Pending,2026-08-19T09:00:00Z,OriginationCore,ServicerX
LN-000368,BR-001741,Rahul Nair,634840.08,407776.86,3.216,2024-10-22,2039-10-23,180,Current,0,WI,Construction,SingleFamily,630,0.4593,0.4276,Complete,2026-08-21T09:00:00Z,OriginationCore,ServicerX
LN-000369,BR-000396,Rahul Trivedi,822249.9,561369.87,5.362,2025-01-26,2050-01-27,300,Current,0,ID,CashOutRefi,SingleFamily,603,0.4801,0.4112,Complete,2026-08-26T09:00:00Z,OriginationCore,AtlasLoanCare
LN-000370,BR-002069,Riya Nair,186473.74,162337.29,4.14,2022-06-16,2042-06-16,240,Current,0,ND,Refinance,Condo,652,0.4945,0.4139,Complete,2026-08-11T09:00:00Z,OriginationCore,AtlasLoanCare
LN-000371,BR-000759,Tara Reddy,832405.6,631691.65,5.08,2024-01-03,2034-01-02,120,90+ Days,135,MO,Construction,Condo,711,0.5252,0.1895,Missing,2026-07-13T09:00:00Z,OriginationCore,ServicerX
LN-000372,BR-002283,Arjun Nair,491768.44,348639.33,6.773,2025-03-03,2050-03-04,300,Current,0,MO,CashOutRefi,Townhouse,733,0.8049,0.3905,Pending,2026-08-08T09:00:00Z,OriginationCore,ServicerX
LN-000373,BR-001949,Aditya Mehta,297000.93,188021.01,3.147,07-31-2024,2051-11-03,360,90+ Days,176,NY,Purchase,Townhouse,692,0.6875,0.3868,Complete,2026-08-22T09:00:00Z,OriginationCore,MeridianServicing
LN-000374,BR-000816,Ishita Bose,680217.34,424617.66,9.842,2025-04-07,2050-04-08,300,Default,284,DE,Refinance,Townhouse,765,0.6745,0.4177,Complete,2026-08-03T09:00:00Z,OriginationCore,AtlasLoanCare
LN-000375,BR-002095,Divya Kapoor,352682.71,341418.41,11.832,2021-12-01,2041-12-01,240,Current,0,DE,CashOutRefi,Townhouse,707,0.527,0.4798,Complete,2026-07-26T09:00:00Z,OriginationCore,AtlasLoanCare
LN-000376,BR-001340,Ananya Joshi,473414.67,297684.14,10.153,2025-08-22,2035-08-22,120,Current,0,WI,Purchase,Townhouse,782,0.6563,0.2527,Complete,2026-07-19T09:00:00Z,OriginationCore,AtlasLoanCare
LN-000377,BR-000130,Manav Reddy,738059.36,411671.04,7.412,2022-07-21,2042-07-21,240,Current,0,MO,Construction,Townhouse,589,0.4181,0.3448,Pending,2026-07-09T09:00:00Z,OriginationCore,MeridianServicing
LN-000378,BR-000449,Riya Banerjee,416078.95,300074.23,10.591,2020-11-22,2035-11-23,180,Current,0,NM,Refinance,SingleFamily,680,0.5449,0.3569,Complete,2026-07-09T09:00:00Z,OriginationCore,AtlasLoanCare
LN-000379,BR-001501,Aditya Menon,322410.37,183726.23,3.309,2023-03-20,2043-03-20,240,Current,0,MO,Purchase,Townhouse,668,0.9456,0.2942,Complete,2026-07-04T09:00:00Z,OriginationCore,ServicerX
LN-000380,BR-001249,Rahul Verma,600870.4,571170.08,4.952,2023-10-10,2038-10-10,180,Current,0,AZ,Construction,Townhouse,725,0.6831,0.2974,Complete,2026-08-22T09:00:00Z,OriginationCore,MeridianServicing
LN-000381,BR-000401,Dev Reddy,887900.06,640826.19,10.945,2026-02-26,2056-02-27,360,Current,0,MI,Construction,MultiFamily,622,0.7382,0.2772,Complete,2026-07-21T09:00:00Z,OriginationCore,MeridianServicing
LN-000382,BR-000926,Aman Nair,294252.23,290821.3,11.254,2024-01-03,2023-05-31,120,Current,0,PA,CashOutRefi,MultiFamily,597,0.7115,0.3359,Complete,2026-08-01T09:00:00Z,OriginationCore,MeridianServicing
LN-000383,BR-000820,Manav Malhotra,478943.6,403232.65,5.89,2023-01-08,2033-01-07,120,Current,0,TX,Refinance,SingleFamily,740,0.7868,0.4519,Complete,2026-08-06T09:00:00Z,OriginationCore,ServicerX
LN-000384,BR-001777,Riya Iyer,846588.49,694495.32,9.006,2023-05-27,2048-05-27,300,Current,0,NJ,Refinance,Condo,618,0.8105,0.4179,Pending,2026-07-08T09:00:00Z,OriginationCore,MeridianServicing
LN-000385,BR-000658,Divya Trivedi,588838.37,393020.93,5.715,2025-09-07,2045-09-07,240,90+ Days,120,DE,Refinance,Condo,587,0.5351,0.4395,Complete,2026-08-08T09:00:00Z,OriginationCore,AtlasLoanCare
LN-000386,BR-000120,Divya Pillai,599883.74,371998.55,10.575,2021-09-03,2046-09-04,300,Current,0,TN,Purchase,Townhouse,780,0.4109,0.4509,Complete,2026-08-18T09:00:00Z,OriginationCore,AtlasLoanCare
LN-000387,BR-000370,Nisha Kapoor,815488.65,578924.42,5.714,2025-09-10,2045-09-10,240,Current,0,ND,CashOutRefi,Townhouse,806,0.4496,0.3599,Complete,2026-07-15T09:00:00Z,OriginationCore,MeridianServicing
LN-000388,BR-000591,Rahul Mehta,734965.37,706757.43,5.462,2022-01-12,2042-01-12,240,30-59 Days,38,NH,Construction,MultiFamily,800,0.7242,0.3216,Complete,2026-08-13T09:00:00Z,OriginationCore,ServicerX
LN-000389,BR-000594,Aditya Banerjee,453626.01,304928.7,11.23,2021-08-27,2041-08-27,240,Current,0,AK,Purchase,SingleFamily,756,0.9046,0.3851,Complete,2026-07-07T09:00:00Z,OriginationCore,MeridianServicing
LN-000390,BR-001813,Nisha Sharma,817683.53,642176.51,13.463,2022-05-03,2042-05-03,240,Current,0,KY,CashOutRefi,SingleFamily,819,0.8525,0.2324,Complete,2026-08-11T09:00:00Z,OriginationCore,ServicerX
LN-000391,BR-001123,Meera Banerjee,797547.16,581226.11,8.418,2022-11-06,2047-11-07,300,30-59 Days,43,MI,Construction,SingleFamily,791,0.4882,0.2413,Complete,2026-08-24T09:00:00Z,OriginationCore,MeridianServicing
LN-000392,BR-000753,Tara Kapoor,435272.49,249377.83,3.035,2022-09-28,2052-09-28,360,Current,0,SD,CashOutRefi,MultiFamily,727,0.4452,0.2052,Complete,2026-07-16T09:00:00Z,OriginationCore,AtlasLoanCare
LN-000393,BR-000547,Divya Mehta,723745.95,550394.91,10.906,2021-10-21,2036-10-21,180,Current,0,ME,Refinance,SingleFamily,686,0.6022,0.2877,Complete,2026-07-10T09:00:00Z,OriginationCore,AtlasLoanCare
LN-000394,BR-000937,Meera Gupta,855892.83,0.0,5.28,2026-03-05,2041-03-05,180,Paid Off,0,AR,Construction,Townhouse,733,0.5431,0.1812,Complete,2026-07-16T09:00:00Z,OriginationCore,AtlasLoanCare
LN-000395,BR-002025,Rahul Chauhan,660795.91,630924.75,11.206,2026-04-01,2036-03-31,120,Current,0,LA,CashOutRefi,Townhouse,677,0.4716,0.4497,Complete,2026-07-28T09:00:00Z,OriginationCore,MeridianServicing
LN-000396,BR-000965,Aman Gupta,203314.39,114396.91,13.434,2021-09-18,2036-09-18,180,60-89 Days,71,PA,Construction,SingleFamily,582,0.6579,0.455,Missing,2026-08-10T09:00:00Z,OriginationCore,MeridianServicing
LN-000397,BR-002282,Arjun Iyer,652185.19,432228.73,6.828,2022-02-08,2037-02-08,180,30-59 Days,37,NM,CashOutRefi,SingleFamily,581,0.5395,0.3669,Complete,2026-08-20T09:00:00Z,OriginationCore,MeridianServicing
LN-000398,BR-000696,Kavya Banerjee,872849.14,703005.13,13.699,2024-12-03,2023-04-22,240,Current,0,FL,Purchase,MultiFamily,761,0.6917,0.1996,Complete,2026-08-10T09:00:00Z,OriginationCore,ServicerX
LN-000399,BR-001159,Divya Trivedi,790927.63,695258.83,12.54,2020-10-22,2035-10-23,180,90+ Days,123,ND,CashOutRefi,Townhouse,808,0.4907,0.4079,Complete,2026-07-30T09:00:00Z,OriginationCore,ServicerX
LN-000400,BR-001927,Divya Mehta,95238.86,62013.7,11.119,2021-06-21,2051-06-22,360,Current,0,DE,Construction,SingleFamily,693,0.5961,0.3982,Complete,2026-08-24T09:00:00Z,OriginationCore,MeridianServicing
LN-000401,BR-000690,Kavya Pillai,155106.1,144558.29,9.477,2024-09-29,2034-09-29,120,Current,0,PA,Purchase,Condo,686,0.9062,0.2362,Complete,2026-08-15T09:00:00Z,OriginationCore,ServicerX
LN-000402,BR-001615,Aditya Menon,291639.06,0.0,13.685,2026-02-11,2046-02-11,240,Closed,0,MA,Refinance,SingleFamily,600,0.6531,0.3977,Complete,2026-08-19T09:00:00Z,OriginationCore,AtlasLoanCare
LN-000403,BR-001331,Riya Kapoor,330012.88,271877.99,5.431,2026-05-05,2046-05-05,240,Current,0,TN,CashOutRefi,MultiFamily,784,0.4305,0.1748,Missing,2026-07-29T09:00:00Z,OriginationCore,MeridianServicing
LN-000404,BR-000366,Priya Bose,266889.32,237314.27,4.874,2021-12-07,2031-12-07,120,Current,0,ME,Refinance,SingleFamily,656,0.67,0.3013,Pending,2026-08-01T09:00:00Z,OriginationCore,MeridianServicing
LN-000405,BR-002006,Tara Malhotra,355187.62,252780.28,8.479,2024-12-07,2054-12-08,360,Current,0,CO,Construction,MultiFamily,737,0.5025,0.3707,,2026-08-14T09:00:00Z,OriginationCore,AtlasLoanCare
LN-000185,BR-002160,Kavya Nair,624974.03,539977.32,6.343,2021-03-17,2041-03-17,240,Current,0,CO,Construction,MultiFamily,618,0.9413,0.3895,Complete,2026-07-26T09:00:00Z,OriginationCore,ServicerX
LN-000407,BR-002103,Rahul Desai,301159.39,175779.0,7.887,2021-08-11,2051-08-12,360,Current,0,NJ,CashOutRefi,MultiFamily,645,0.7221,0.419,Complete,2026-08-24T09:00:00Z,OriginationCore,AtlasLoanCare
LN-000408,BR-001220,Ishita Menon,718250.53,409340.91,11.327,2024-05-23,2049-05-24,300,90+ Days,175,NH,CashOutRefi,MultiFamily,815,0.8792,0.2155,Complete,2026-07-31T09:00:00Z,OriginationCore,AtlasLoanCare
LN-000409,BR-001618,Rahul Sharma,790873.43,620934.85,4.975,2023-07-01,2053-07-01,360,Current,0,NJ,Construction,Townhouse,657,0.7402,0.4909,Complete,2026-08-26T09:00:00Z,OriginationCore,AtlasLoanCare
LN-000410,BR-000066,Sneha Sharma,124489.86,78920.71,5.406,2023-01-05,2048-01-06,300,Current,0,TN,Refinance,Townhouse,795,0.7443,0.4265,Complete,2026-07-05T09:00:00Z,OriginationCore,MeridianServicing
LN-000411,BR-001824,Dev Banerjee,452890.72,282190.06,3.226,2024-09-29,2049-09-30,300,Current,0,PA,Refinance,Condo,655,0.7132,0.4418,Complete,2026-08-17T09:00:00Z,OriginationCore,ServicerX
LN-000412,BR-002271,Rohan Iyer,882563.9,771638.38,8.606,2021-07-25,2031-07-25,120,90+ Days,152,NC,Construction,Condo,762,0.4334,0.1567,Complete,2026-07-19T09:00:00Z,OriginationCore,AtlasLoanCare
LN-000413,BR-001421,Tara Sethi,808945.62,613398.15,3.239,2023-05-27,2033-05-26,120,Current,0,WA,Refinance,Townhouse,668,0.641,0.3277,Complete,2026-07-26T09:00:00Z,OriginationCore,AtlasLoanCare
LN-000414,BR-001476,Dev Mehta,161484.78,139362.9,10.151,2021-02-25,2041-02-25,240,Current,0,VT,Purchase,Townhouse,613,0.4953,0.2047,Complete,2026-07-31T09:00:00Z,OriginationCore,MeridianServicing
LN-000415,BR-001069,Aditya Mehta,249511.07,246934.85,5.009,2023-01-01,2048-01-02,300,Current,0,CA,CashOutRefi,Townhouse,609,0.7397,0.1922,Complete,2026-08-04T09:00:00Z,OriginationCore,MeridianServicing
LN-000416,BR-002112,Aman Reddy,,559717.66,11.124,2022-06-03,2042-06-03,240,30-59 Days,59,NH,Construction,SingleFamily,607,0.8299,0.3634,Pending,2026-08-17T09:00:00Z,OriginationCore,ServicerX
LN-000417,BR-001482,Vikram Joshi,481209.87,289662.41,11.144,2025-12-08,2055-12-09,360,Current,0,WA,Purchase,Condo,745,0.6001,0.4367,Complete,2026-08-13T09:00:00Z,OriginationCore,ServicerX
LN-000418,BR-001399,Rohan Desai,703836.4,645641.72,4.97,2021-09-29,2046-09-30,300,Current,0,MS,Construction,MultiFamily,741,0.7657,0.2031,Complete,2026-07-27T09:00:00Z,OriginationCore,MeridianServicing
LN-000419,BR-002115,Aditya Sharma,731503.38,534067.77,8.09,2024-11-09,2039-11-10,180,Current,0,VA,Purchase,SingleFamily,666,0.5731,0.4937,Complete,2026-07-28T09:00:00Z,OriginationCore,ServicerX
LN-000420,BR-002130,Rohan Sethi,611149.75,578822.92,7.623,2025-12-28,2050-12-29,300,Current,0,WA,CashOutRefi,MultiFamily,582,0.8549,0.4651,Complete,2026-08-23T09:00:00Z,OriginationCore,ServicerX
LN-000421,BR-001812,Aditya Malhotra,597297.45,492602.11,11.917,2021-05-27,2046-05-28,300,Default,258,CO,Purchase,MultiFamily,679,0.7988,0.409,Complete,2026-07-18T09:00:00Z,OriginationCore,AtlasLoanCare
LN-000422,BR-000656,Priya Sharma,128896.63,100460.46,13.239,2024-01-04,2044-01-04,240,Current,0,KS,CashOutRefi,Townhouse,709,0.4607,0.171,Complete,2026-07-09T09:00:00Z,OriginationCore,AtlasLoanCare
LN-000423,BR-001221,Riya Sharma,155241.07,149682.03,8.211,2022-06-07,2052-06-07,360,30-59 Days,37,WV,Refinance,MultiFamily,656,0.5565,0.4247,Complete,2026-07-29T09:00:00Z,OriginationCore,AtlasLoanCare
LN-000424,BR-000789,Aditya Gupta,491716.65,341375.59,4.127,2022-03-04,2037-03-04,180,Current,0,NE,Purchase,SingleFamily,595,0.6337,0.1955,Complete,2026-07-20T09:00:00Z,OriginationCore,ServicerX
LN-000425,BR-002394,Dev Sethi,550003.54,398039.92,14.46,2021-11-21,2041-11-21,240,Current,0,WA,Construction,Condo,616,0.6782,0.3197,Complete,2026-08-10T09:00:00Z,OriginationCore,AtlasLoanCare
LN-000426,BR-002290,Aditya Reddy,640300.1,361351.6,9.918,2025-01-30,2055-01-31,360,Current,0,DE,Purchase,MultiFamily,726,0.5593,0.333,Complete,2026-08-16T09:00:00Z,OriginationCore,MeridianServicing
LN-000427,BR-001728,Arjun Joshi,299884.1,183787.73,13.224,2023-01-02,2043-01-02,240,Current,0,ID,Construction,SingleFamily,611,0.7011,0.1736,Complete,2026-07-07T09:00:00Z,OriginationCore,MeridianServicing
LN-000428,BR-001546,Dev Trivedi,530899.38,0.0,4.527,2022-12-07,2052-12-07,360,Paid Off,0,NC,Construction,Townhouse,750,0.647,0.4532,Complete,2026-07-07T09:00:00Z,OriginationCore,AtlasLoanCare
LN-000429,BR-002216,Arjun Gupta,379149.85,0.0,11.463,2021-10-24,2051-10-25,360,Paid Off,0,HI,Purchase,MultiFamily,723,0.7548,0.3754,Complete,2026-08-05T09:00:00Z,OriginationCore,AtlasLoanCare
LN-000430,BR-000077,Rahul Kulkarni,863698.89,760267.3,5.067,2025-10-24,2055-10-25,360,Current,0,LA,Refinance,Condo,792,0.7881,0.4607,Complete,2026-07-25T09:00:00Z,OriginationCore,AtlasLoanCare
LN-000431,BR-001393,Manav Mehta,391528.19,363834.9,7.772,2022-10-24,2052-10-24,360,Current,0,MO,CashOutRefi,SingleFamily,609,0.9389,0.3396,Complete,2026-08-25T09:00:00Z,OriginationCore,ServicerX
LN-000432,BR-000694,Arjun Trivedi,181093.27,0.0,14.053,2025-05-26,2045-05-26,240,Paid Off,0,AK,Purchase,MultiFamily,679,0.4543,0.1999,Pending,2026-07-14T09:00:00Z,OriginationCore,MeridianServicing
LN-000433,BR-002020,Kavya Desai,94096.4,76470.45,7.428,2025-01-18,2050-01-19,300,Current,0,LA,Purchase,MultiFamily,698,0.7042,0.1729,Complete,2026-08-11T09:00:00Z,OriginationCore,AtlasLoanCare
LN-000434,BR-000416,Karan Kulkarni,278785.78,0.0,10.493,2026-03-13,2041-03-13,180,Closed,0,MD,Construction,Townhouse,601,0.8655,0.3252,Complete,2025-04-04T09:00:00Z,OriginationCore,ServicerX
LN-000435,BR-001851,Arjun Sharma,714720.11,526356.4,12.345,2024-07-09,2044-07-09,240,Current,0,TN,Refinance,SingleFamily,595,0.9134,0.3188,Complete,2026-07-22T09:00:00Z,OriginationCore,AtlasLoanCare
LN-000436,BR-000187,Vikram Kulkarni,766072.87,704711.23,9.475,2022-06-19,2047-06-20,300,Current,0,CO,Construction,SingleFamily,792,0.4768,0.3448,Complete,2026-08-08T09:00:00Z,OriginationCore,MeridianServicing
LN-000437,BR-001071,Tara Pillai,863804.6,734341.4,5.828,2020-09-29,2020-02-25,180,Current,0,MI,Refinance,Townhouse,733,0.5807,0.4699,Complete,2026-08-05T09:00:00Z,OriginationCore,ServicerX
LN-000438,BR-002003,Nisha Kulkarni,53637.36,33596.07,3.933,2021-01-23,2051-01-24,360,Current,0,OH,Purchase,Townhouse,752,0.4679,0.4902,Complete,2026-07-22T09:00:00Z,OriginationCore,AtlasLoanCare
LN-000439,BR-000512,Tara Rao,200608.64,171860.07,13.767,2022-01-25,2042-01-25,240,30-59 Days,44,AL,Refinance,SingleFamily,774,0.5546,0.4725,Complete,2026-08-26T09:00:00Z,OriginationCore,ServicerX
LN-000440,BR-000151,Divya Banerjee,737152.32,723332.49,13.402,2023-01-03,2053-01-03,360,Current,0,AL,Refinance,Townhouse,608,0.8785,0.3492,Complete,2026-08-03T09:00:00Z,OriginationCore,AtlasLoanCare
LN-000441,BR-002335,Karan Desai,105556.53,61077.3,11.382,2024-06-09,2039-06-10,180,Current,0,IL,Purchase,MultiFamily,754,0.7081,0.3089,Pending,2026-08-10T09:00:00Z,OriginationCore,AtlasLoanCare
LN-000442,BR-000499,Kavya Gupta,417665.95,0.0,8.699,2022-10-13,2032-10-12,120,Closed,0,WA,Refinance,SingleFamily,651,0.9051,0.3363,Complete,2026-08-09T09:00:00Z,OriginationCore,MeridianServicing
LN-000443,BR-000925,Manav Nair,119537.57,67080.14,13.545,2022-08-27,2037-08-27,180,Current,0,HI,CashOutRefi,MultiFamily,596,0.7443,0.1839,Complete,2026-07-10T09:00:00Z,OriginationCore,ServicerX
LN-000444,BR-000223,Ishita Desai,764431.45,579724.69,12.132,2022-08-28,2052-08-28,360,Current,0,WY,Construction,SingleFamily,740,0.6456,0.1937,Missing,2026-08-05T09:00:00Z,OriginationCore,ServicerX
LN-000445,BR-001811,Arjun Joshi,806571.18,721368.51,10.023,2022-11-22,2047-11-23,300,Current,0,CA,Purchase,SingleFamily,723,0.4287,0.4475,Complete,2026-08-23T09:00:00Z,OriginationCore,AtlasLoanCare
LN-000446,BR-001573,Tara Sethi,784895.33,647196.11,13.119,2023-10-17,2048-10-17,300,60-89 Days,79,CT,CashOutRefi,SingleFamily,696,0.6845,0.3557,,2026-07-28T09:00:00Z,OriginationCore,ServicerX
LN-000447,BR-002085,Divya Rao,553953.52,525105.17,7.842,2025-08-25,2055-08-26,360,90+ Days,169,NH,Refinance,Condo,615,0.8384,0.1712,Complete,2026-08-18T09:00:00Z,OriginationCore,MeridianServicing
LN-000448,BR-001924,Rohan Trivedi,314510.0,280297.0,6.943,2022-05-24,2052-05-24,360,Default,275,AL,Refinance,SingleFamily,640,0.6789,0.4423,Pending,2026-08-17T09:00:00Z,OriginationCore,MeridianServicing
LN-000449,BR-001399,Sneha Banerjee,880034.16,561950.16,10.99,2024-03-19,2044-03-19,240,Current,0,RI,CashOutRefi,MultiFamily,737,0.5648,0.265,Complete,2026-08-22T09:00:00Z,OriginationCore,ServicerX
LN-000450,BR-000874,Karan Banerjee,831960.55,711340.45,11.448,2023-12-12,2048-12-12,300,Current,0,WV,Construction,Condo,682,0.5013,0.4965,Complete,2026-07-28T09:00:00Z,OriginationCore,ServicerX
LN-000451,BR-002399,Aditya Iyer,521487.87,387872.03,14.216,2026-01-26,2046-01-26,240,Current,0,IL,CashOutRefi,Condo,636,0.887,0.4016,Complete,2026-07-17T09:00:00Z,OriginationCore,AtlasLoanCare
LN-000452,BR-000086,Ananya Malhotra,216589.43,144072.47,10.531,2024-05-27,2039-05-28,180,Current,0,XX,Refinance,MultiFamily,696,0.5321,0.4333,Complete,2026-08-20T09:00:00Z,OriginationCore,AtlasLoanCare
LN-000453,BR-000777,Sneha Kulkarni,796629.66,488772.28,7.349,2021-07-17,2051-07-18,360,Current,0,MA,Construction,Condo,815,0.4254,0.3656,Complete,2026-08-18T09:00:00Z,OriginationCore,AtlasLoanCare
LN-000454,BR-000518,Kavya Menon,328528.51,295698.41,13.187,2024-09-27,2044-09-27,240,Current,0,WA,Purchase,Townhouse,782,0.7649,0.1727,Complete,2026-07-02T09:00:00Z,OriginationCore,AtlasLoanCare
LN-000455,BR-002153,Dev Banerjee,473799.61,327680.84,8.448,2022-03-18,2052-03-18,360,Current,0,SD,Purchase,Condo,636,0.8922,0.3082,Complete,2025-09-18T09:00:00Z,OriginationCore,ServicerX
LN-000456,BR-001043,Siddharth Nair,805402.59,774490.85,4.545,2021-08-22,2041-08-22,240,Current,0,ME,Construction,MultiFamily,638,0.7212,0.3128,Complete,2026-08-03T09:00:00Z,OriginationCore,MeridianServicing
LN-000457,BR-001567,Priya Mehta,417629.81,321123.47,8.079,2021-02-28,2046-03-01,300,Current,0,TN,Purchase,MultiFamily,810,0.4453,0.4449,Complete,2026-08-09T09:00:00Z,OriginationCore,AtlasLoanCare
LN-000458,BR-002237,Sneha Verma,837615.03,486983.87,5.261,2023-04-22,2033-04-21,120,Current,0,KY,CashOutRefi,MultiFamily,628,0.7881,0.4993,Missing,2026-08-24T09:00:00Z,OriginationCore,AtlasLoanCare
LN-000459,BR-001655,Nisha Menon,57253.8,52204.92,11.715,2023-06-24,2053-06-24,360,Current,0,NM,Refinance,Townhouse,638,0.5248,0.4122,Complete,2026-07-07T09:00:00Z,OriginationCore,AtlasLoanCare
LN-000460,BR-000770,Manav Sethi,664133.8,596686.07,5.41,2021-02-24,2051-02-25,360,Current,0,OK,Purchase,MultiFamily,615,0.7176,0.1949,Pending,2026-08-06T09:00:00Z,OriginationCore,ServicerX
LN-000461,BR-002203,Rohan Verma,338848.91,288609.69,9.75,2022-06-06,2047-06-07,300,Current,0,FL,Refinance,MultiFamily,725,0.7464,0.3611,Complete,2026-08-01T09:00:00Z,OriginationCore,MeridianServicing
LN-000462,BR-000445,Ishita Menon,856388.77,616626.37,14.062,2024-02-12,2049-02-12,300,Current,0,CO,Refinance,SingleFamily,752,0.7041,0.1612,Complete,2026-07-27T09:00:00Z,OriginationCore,MeridianServicing
LN-000463,BR-001163,Sneha Chauhan,219148.92,0.0,6.348,2024-04-24,2034-04-24,120,Paid Off,0,NJ,Purchase,MultiFamily,712,0.4061,0.2644,Pending,2026-08-02T09:00:00Z,OriginationCore,MeridianServicing
LN-000464,BR-000846,Ananya Bose,159767.02,140112.93,6.562,2025-03-01,2040-03-01,180,Current,0,HI,CashOutRefi,Condo,708,0.7942,0.3106,Complete,2026-08-02T09:00:00Z,OriginationCore,ServicerX
LN-000465,BR-002332,Dev Gupta,750895.23,494546.85,8.321,31/07/2024,2050-09-09,300,Current,0,WV,Purchase,MultiFamily,745,0.8845,0.3097,Complete,2026-08-05T09:00:00Z,OriginationCore,AtlasLoanCare
LN-000466,BR-000736,Aman Sethi,571073.38,358094.74,8.265,2022-01-08,2042-01-08,240,60-89 Days,89,TX,Refinance,SingleFamily,680,0.7843,0.1653,Pending,2026-08-11T09:00:00Z,OriginationCore,ServicerX
LN-000467,BR-002022,Manav Kulkarni,616658.4,536293.39,4.394,2023-02-18,2043-02-18,240,Current,0,CA,Purchase,MultiFamily,684,0.648,0.2385,Complete,2026-08-13T09:00:00Z,OriginationCore,MeridianServicing
LN-000468,BR-001636,Sneha Malhotra,593036.63,446697.57,3.434,2025-08-02,2035-08-02,120,Current,0,DE,Refinance,MultiFamily,751,0.8118,0.3197,Complete,2026-08-05T09:00:00Z,OriginationCore,AtlasLoanCare
LN-000469,BR-000074,Aman Reddy,169217.4,49510.79,5.038,2021-07-01,2036-07-01,180,Closed,0,OH,Construction,Condo,599,0.7693,0.1539,Complete,2026-08-16T09:00:00Z,OriginationCore,MeridianServicing
LN-000470,BR-001811,Arjun Desai,234171.57,198347.87,10.372,2024-05-30,2044-05-30,240,Current,0,MO,CashOutRefi,Townhouse,593,0.729,0.167,Complete,2026-08-13T09:00:00Z,OriginationCore,ServicerX
LN-000471,BR-000060,Ishita Bose,822442.93,458147.52,10.82,2022-03-16,2037-03-16,180,Current,0,IA,Purchase,Condo,765,0.4919,0.2955,Complete,2026-08-25T09:00:00Z,OriginationCore,MeridianServicing
LN-000472,BR-001753,Rahul Chauhan,580972.35,0.0,5.458,2024-04-12,2044-04-12,240,Paid Off,0,MA,Refinance,SingleFamily,682,0.7597,0.1542,Complete,2026-08-01T09:00:00Z,OriginationCore,ServicerX
LN-000473,BR-001684,Rohan Trivedi,602453.25,349197.42,8.745,2023-04-14,2033-04-13,120,Current,0,VA,Refinance,MultiFamily,604,0.7299,0.4935,Complete,2026-08-13T09:00:00Z,OriginationCore,AtlasLoanCare
LN-000474,BR-001975,Meera Verma,199031.39,169685.22,3.203,2022-09-06,2037-09-06,180,30-59 Days,59,PA,Construction,Townhouse,710,0.7523,0.2313,Complete,2026-07-03T09:00:00Z,OriginationCore,ServicerX
LN-000475,BR-001756,Karan Trivedi,573896.37,393631.73,3.913,2026-03-03,2041-03-03,180,Default,216,MS,Construction,MultiFamily,631,0.4834,0.2215,Complete,2026-07-10T09:00:00Z,OriginationCore,AtlasLoanCare
LN-000476,BR-000163,Kavya Sethi,678367.29,456117.64,10.453,2021-06-06,2051-06-07,360,Current,0,WI,Purchase,Condo,796,0.8031,0.27,Complete,2026-07-16T09:00:00Z,OriginationCore,ServicerX
LN-000477,BR-000025,Meera Banerjee,566853.72,391990.84,3.805,2023-11-29,2038-11-29,180,Current,0,AR,Refinance,Condo,612,0.4505,0.3574,Pending,2026-07-29T09:00:00Z,OriginationCore,ServicerX
LN-000478,BR-000810,Karan Sethi,116439.84,79999.26,5.029,2020-09-18,2035-09-19,180,30-59 Days,37,MD,CashOutRefi,Townhouse,742,0.5108,0.4518,Complete,2026-07-11T09:00:00Z,OriginationCore,MeridianServicing
LN-000479,BR-001776,Ananya Banerjee,192601.13,148751.38,3.228,2022-03-03,2047-03-04,300,Current,0,NV,Purchase,MultiFamily,732,0.6955,0.3435,Complete,2026-07-10T09:00:00Z,OriginationCore,MeridianServicing
LN-000480,BR-001365,Ananya Banerjee,435562.64,355702.73,5.251,2022-12-23,2047-12-24,300,Current,0,AL,Purchase,MultiFamily,705,0.6225,0.2955,Complete,2026-08-22T09:00:00Z,OriginationCore,AtlasLoanCare
LN-000481,BR-000160,Rahul Malhotra,466118.45,377022.69,13.719,2022-02-05,2042-02-05,240,Current,0,IL,Construction,MultiFamily,777,0.9022,0.4028,Complete,2026-07-31T09:00:00Z,OriginationCore,MeridianServicing
LN-000482,BR-001011,Karan Banerjee,603270.38,0.0,3.397,2025-10-04,2045-10-04,240,Paid Off,0,SD,Purchase,Condo,646,0.733,0.4805,Complete,2026-07-10T09:00:00Z,OriginationCore,ServicerX
LN-000483,BR-001629,Riya Nair,60486.78,50417.84,8.963,2024-08-05,2054-08-06,360,30-59 Days,36,NV,Refinance,Townhouse,644,0.7805,0.3252,Complete,2026-08-02T09:00:00Z,OriginationCore,MeridianServicing
LN-000484,BR-000365,Rahul Menon,673843.42,644666.71,11.932,2022-12-14,2052-12-14,360,30-59 Days,41,GA,CashOutRefi,Condo,818,0.8116,0.3947,Complete,2026-07-02T09:00:00Z,OriginationCore,ServicerX
LN-000485,BR-001182,Manav Mehta,132340.06,97117.68,5.029,2026-05-22,2051-05-23,300,30-59 Days,35,VA,Refinance,Condo,704,0.5001,0.482,Complete,2026-07-31T09:00:00Z,OriginationCore,ServicerX
LN-000486,BR-001675,Tara Trivedi,100134.76,88522.38,4.256,2024-02-25,2039-02-25,180,Current,0,CO,CashOutRefi,SingleFamily,676,0.4686,0.1725,Complete,2026-08-10T09:00:00Z,OriginationCore,ServicerX
LN-000487,BR-000030,Riya Iyer,621883.9,358742.96,4.114,2020-12-18,2045-12-19,300,Current,0,MO,CashOutRefi,Townhouse,701,0.8163,0.3615,Complete,2026-07-09T09:00:00Z,OriginationCore,AtlasLoanCare
LN-000488,BR-001633,Nisha Trivedi,744320.11,0.0,3.658,2022-11-14,2042-11-14,240,Paid Off,0,MI,Purchase,SingleFamily,696,0.8788,0.2906,Pending,2026-07-15T09:00:00Z,OriginationCore,ServicerX
LN-000489,BR-001019,Aditya Gupta,788654.49,676410.37,10.111,2025-01-10,2035-01-10,120,Current,0,NC,Construction,Condo,580,0.9424,0.4851,Pending,2026-07-05T09:00:00Z,OriginationCore,ServicerX
LN-000490,BR-001985,Nisha Trivedi,874157.94,741538.52,12.131,2025-11-22,2045-11-22,240,30-59 Days,41,NV,Construction,SingleFamily,767,0.6117,0.3625,Complete,2026-08-12T09:00:00Z,OriginationCore,AtlasLoanCare
LN-000491,BR-002248,Tara Mehta,76983.89,45291.13,13.309,2020-09-30,2050-10-01,360,Current,0,NM,Refinance,Condo,634,0.4937,0.4805,Complete,2026-07-04T09:00:00Z,OriginationCore,ServicerX
LN-000492,BR-001149,Karan Pillai,186199.99,0.0,10.658,2026-01-29,2051-01-30,300,Paid Off,0,TX,Refinance,Townhouse,603,0.8375,0.2665,Complete,2026-08-02T09:00:00Z,OriginationCore,AtlasLoanCare
LN-000493,BR-001564,Siddharth Sethi,597388.56,517144.22,12.297,2025-09-06,2055-09-07,360,Current,0,KY,Purchase,MultiFamily,602,0.4613,0.2691,Complete,2026-07-10T09:00:00Z,OriginationCore,ServicerX
LN-000494,BR-000007,Rohan Iyer,158304.85,113549.83,9.786,2022-04-13,2032-04-12,120,Current,0,MO,Construction,MultiFamily,777,0.6008,0.3878,Complete,2026-07-10T09:00:00Z,OriginationCore,AtlasLoanCare
LN-000495,BR-000593,Rohan Chauhan,140598.03,130058.7,8.748,2023-12-01,2053-12-01,360,Current,0,GA,CashOutRefi,Condo,771,0.7659,0.4305,Complete,2026-08-06T09:00:00Z,OriginationCore,AtlasLoanCare
LN-000496,BR-002351,Dev Bose,477021.3,319756.5,8.693,2022-12-10,2042-12-10,240,Current,0,AR,CashOutRefi,Condo,791,0.7942,0.4468,Pending,2026-07-03T09:00:00Z,OriginationCore,ServicerX
LN-000497,BR-000653,Priya Kulkarni,778261.98,530467.09,7.511,2024-05-25,2034-05-25,120,30-59 Days,43,UT,Construction,MultiFamily,773,0.6152,0.1751,Complete,2026-07-05T09:00:00Z,OriginationCore,MeridianServicing
LN-000498,BR-000222,Rohan Gupta,132721.63,119205.54,10.528,2021-12-28,2036-12-28,180,Current,0,NH,Construction,MultiFamily,809,0.4797,0.2263,Complete,2026-07-02T09:00:00Z,OriginationCore,AtlasLoanCare
LN-000499,BR-000605,Nisha Sethi,667063.89,565976.92,10.814,2022-05-06,2032-05-05,120,Current,0,AR,Purchase,MultiFamily,701,0.4988,0.1684,Missing,2026-07-03T09:00:00Z,OriginationCore,AtlasLoanCare
LN-000500,BR-000487,Karan Malhotra,874267.93,636254.92,8.619,2021-07-17,2041-07-17,240,Current,0,TN,Construction,SingleFamily,779,0.655,0.4364,Complete,2026-08-24T09:00:00Z,OriginationCore,AtlasLoanCare
LN-000501,BR-002088,Karan Sharma,59862.05,36138.88,9.749,2022-04-15,2047-04-16,300,Current,0,LA,Purchase,Condo,678,0.6663,0.3756,Complete,2026-07-16T09:00:00Z,OriginationCore,AtlasLoanCare
LN-000502,BR-000758,Nisha Sharma,326444.63,303388.7,7.529,2025-04-16,2040-04-16,180,30-59 Days,56,OH,Construction,SingleFamily,712,0.8604,0.3386,Pending,2026-07-23T09:00:00Z,OriginationCore,AtlasLoanCare
LN-000503,BR-000738,Priya Kulkarni,870828.89,548180.03,8.143,2024-01-30,2034-01-29,120,Default,261,DE,Purchase,Condo,727,0.5134,0.2064,Complete,2026-07-19T09:00:00Z,OriginationCore,ServicerX
LN-000504,BR-000001,Karan Joshi,480226.06,379161.5,78.843,2025-01-03,2035-01-03,120,Current,0,TX,Construction,Condo,727,0.6697,0.2595,Pending,2026-07-30T09:00:00Z,OriginationCore,MeridianServicing
LN-000505,BR-000151,Sneha Kapoor,228363.58,207969.76,6.447,2020-09-05,2050-09-06,360,Current,0,FL,Refinance,MultiFamily,651,0.4707,0.3678,Complete,2026-08-11T09:00:00Z,OriginationCore,MeridianServicing
LN-000506,BR-001743,Ananya Kulkarni,602303.6,452131.13,5.343,2022-02-15,2042-02-15,240,Current,0,SD,Refinance,MultiFamily,724,0.7615,0.4372,Complete,2026-08-10T09:00:00Z,OriginationCore,MeridianServicing
LN-000507,BR-001014,Meera Pillai,893581.64,501657.04,4.433,2022-11-10,2037-11-10,180,Current,0,UT,Construction,SingleFamily,664,0.7521,0.277,Complete,2026-07-19T09:00:00Z,OriginationCore,MeridianServicing
LN-000508,BR-001551,Rahul Reddy,282599.77,277222.88,5.021,2023-11-16,2038-11-16,180,Current,0,PA,Construction,SingleFamily,715,0.5919,0.3503,Complete,2026-08-12T09:00:00Z,OriginationCore,MeridianServicing
LN-000509,BR-000741,Aditya Kulkarni,812084.71,784851.07,9.344,2025-04-18,2055-04-19,360,Current,0,NM,Refinance,MultiFamily,582,0.7777,0.3996,Complete,2026-08-02T09:00:00Z,OriginationCore,ServicerX
LN-000510,BR-001021,Aman Sethi,94934.93,92920.4,11.128,2023-05-29,2048-05-29,300,30-59 Days,35,NH,CashOutRefi,Townhouse,708,0.5578,0.4834,Complete,2026-07-12T09:00:00Z,OriginationCore,AtlasLoanCare
LN-000511,BR-001281,Meera Nair,590289.96,404048.2,3.882,2022-12-25,2037-12-25,180,Current,0,CO,Refinance,SingleFamily,601,0.8089,0.344,Complete,2026-07-08T09:00:00Z,OriginationCore,ServicerX
LN-000512,BR-002181,Rahul Malhotra,842575.21,647969.23,3.16,2020-09-13,2045-09-14,300,Current,0,WV,Purchase,Townhouse,759,0.6939,0.2708,Missing,2026-07-14T09:00:00Z,OriginationCore,AtlasLoanCare
LN-000513,BR-002145,Karan Mehta,566267.51,0.0,3.864,2025-12-06,2055-12-07,360,Closed,0,NC,CashOutRefi,SingleFamily,688,0.6725,0.2097,Missing,2026-07-14T09:00:00Z,OriginationCore,MeridianServicing
LN-000514,BR-002330,Nisha Bose,296555.03,197651.06,13.615,2025-01-31,2040-02-01,180,Current,0,NJ,Construction,SingleFamily,671,0.4032,0.3111,Complete,2026-08-26T09:00:00Z,OriginationCore,ServicerX
LN-000515,BR-001765,Dev Bose,,569502.13,3.975,2022-06-26,2032-06-25,120,Current,0,NE,Purchase,Townhouse,581,0.4856,0.3798,Complete,2026-08-20T09:00:00Z,OriginationCore,MeridianServicing
LN-000516,BR-000446,Tara Gupta,359821.34,282829.67,4.861,2023-01-19,2043-01-19,240,Default,271,WV,Construction,SingleFamily,671,0.886,0.3982,Complete,2026-08-09T09:00:00Z,OriginationCore,MeridianServicing
LN-000517,BR-000816,Dev Pillai,385364.1,364723.63,4.366,2024-11-27,2034-11-27,120,30-59 Days,45,OK,Construction,Condo,663,0.8131,0.4231,Complete,2026-08-16T09:00:00Z,OriginationCore,AtlasLoanCare
LN-000518,BR-001410,Kavya Sharma,143272.87,80133.51,11.825,2024-12-06,2049-12-07,300,Current,0,AR,CashOutRefi,Townhouse,732,0.8056,0.302,Complete,2026-08-17T09:00:00Z,OriginationCore,MeridianServicing
LN-000519,BR-001152,Rahul Pillai,260585.2,201939.34,14.434,2021-08-06,2031-08-06,120,Current,0,TX,Construction,Condo,701,0.7886,0.4335,Complete,2026-08-11T09:00:00Z,OriginationCore,AtlasLoanCare
LN-000520,BR-000940,Rahul Kapoor,210368.65,173915.86,7.615,2024-05-16,2054-05-17,360,90+ Days,125,IL,Refinance,Townhouse,584,0.7391,0.1818,Complete,2026-08-17T09:00:00Z,OriginationCore,MeridianServicing
LN-000521,BR-001377,Manav Banerjee,645135.03,0.0,3.706,2022-12-20,2052-12-20,360,Closed,0,TN,Purchase,MultiFamily,608,0.5481,0.2482,Complete,2026-08-12T09:00:00Z,OriginationCore,MeridianServicing
LN-000522,BR-001318,Sneha Joshi,810840.3,446153.37,8.429,2022-10-26,2037-10-26,180,Current,0,NV,Refinance,MultiFamily,705,0.6,0.2565,Complete,2026-07-15T09:00:00Z,OriginationCore,ServicerX
LN-000523,BR-002167,Aman Rao,331529.97,235057.86,5.74,2024-12-11,2054-12-12,360,30-59 Days,38,IN,Construction,SingleFamily,807,0.4585,0.3703,Complete,2026-07-08T09:00:00Z,OriginationCore,ServicerX
LN-000524,BR-001405,Rohan Banerjee,213988.38,126980.8,14.381,2024-04-08,2054-04-09,360,Current,0,OH,Refinance,SingleFamily,612,0.5054,0.3427,Complete,2026-07-23T09:00:00Z,OriginationCore,AtlasLoanCare
LN-000525,BR-001978,Manav Desai,431209.89,409983.0,13.71,2022-04-20,2042-04-20,240,30-59 Days,46,AK,Refinance,MultiFamily,758,0.9321,0.2514,Missing,2026-08-22T09:00:00Z,OriginationCore,ServicerX
LN-000526,BR-000678,Tara Desai,470772.02,365288.29,7.418,2021-12-12,2036-12-12,180,Current,0,MT,CashOutRefi,Condo,627,0.402,0.3502,Complete,2026-08-22T09:00:00Z,OriginationCore,ServicerX
LN-000527,BR-000903,Rohan Pillai,478245.1,$118500,9.35,2021-04-19,2051-04-20,360,30-59 Days,35,IA,Purchase,Condo,654,0.4215,0.2018,Pending,2026-07-03T09:00:00Z,OriginationCore,ServicerX
LN-000528,BR-000476,Priya Rao,596051.16,543777.78,10.276,2025-10-29,2045-10-29,240,Current,0,MA,Purchase,MultiFamily,764,0.4735,0.4644,Complete,2026-07-23T09:00:00Z,OriginationCore,ServicerX
LN-000529,BR-001049,Priya Kulkarni,236387.65,0.0,10.559,2022-06-02,2032-06-01,120,Closed,0,WA,Construction,MultiFamily,802,0.7444,0.3615,Complete,2026-01-16T09:00:00Z,OriginationCore,MeridianServicing
LN-000530,BR-001620,Ananya Gupta,278474.48,252131.49,5.665,2022-10-08,2037-10-08,180,Current,0,MS,Refinance,Townhouse,603,0.6728,0.3108,Pending,2026-07-09T09:00:00Z,OriginationCore,ServicerX
LN-000531,BR-000668,Vikram Malhotra,851851.8,574232.85,10.905,2020-11-26,2035-11-27,180,Current,0,CA,Refinance,SingleFamily,689,0.5349,0.4682,Missing,2026-08-07T09:00:00Z,OriginationCore,ServicerX
LN-000532,BR-001573,Priya Reddy,667749.93,704910.64,12.505,2024-11-12,2054-11-13,360,60-89 Days,84,TN,Purchase,Condo,643,0.8236,0.2437,Pending,2026-08-02T09:00:00Z,OriginationCore,AtlasLoanCare
LN-000533,BR-000349,Sneha Kapoor,863975.04,755025.94,8.525,2026-04-20,2036-04-19,120,Current,0,HI,CashOutRefi,MultiFamily,702,0.485,0.1696,Complete,2026-08-05T09:00:00Z,OriginationCore,AtlasLoanCare
LN-000534,BR-002096,Manav Kapoor,68026.72,53716.79,3.014,2025-01-09,2055-01-10,360,Current,0,AK,Refinance,Townhouse,678,0.4811,0.3794,Complete,2026-08-20T09:00:00Z,OriginationCore,AtlasLoanCare
LN-000535,BR-000417,Rohan Rao,468047.49,0.0,3.877,2025-02-22,2050-02-23,300,Closed,0,DE,CashOutRefi,SingleFamily,809,0.4238,0.2029,Complete,2026-08-12T09:00:00Z,OriginationCore,MeridianServicing
LN-000536,BR-001176,Aditya Reddy,627518.31,529374.63,6.118,2024-05-16,2054-05-17,360,Current,0,TX,CashOutRefi,MultiFamily,787,0.8988,0.4295,Complete,2026-08-07T09:00:00Z,OriginationCore,ServicerX
LN-000537,BR-000276,Rahul Menon,175613.16,158159.73,7.916,2022-10-25,2037-10-25,180,Current,0,GA,Purchase,MultiFamily,612,0.5,0.2848,Complete,2026-07-27T09:00:00Z,OriginationCore,MeridianServicing
LN-000538,BR-001008,Nisha Sethi,561481.65,342962.74,9.317,2021-10-06,2046-10-07,300,Current,0,OH,Refinance,Townhouse,601,0.7195,0.2976,Complete,2026-07-16T09:00:00Z,OriginationCore,AtlasLoanCare
LN-000539,BR-001485,Siddharth Banerjee,249914.11,246744.78,14.013,2025-06-05,2040-06-05,180,Current,0,AR,CashOutRefi,MultiFamily,797,0.8671,0.4225,Complete,2026-08-25T09:00:00Z,OriginationCore,MeridianServicing
LN-000540,BR-000481,Ananya Malhotra,256122.8,147163.27,11.43,2021-09-07,2036-09-07,180,60-89 Days,82,NV,CashOutRefi,SingleFamily,759,0.4583,0.3536,Complete,2026-08-18T09:00:00Z,OriginationCore,AtlasLoanCare
LN-000541,BR-002332,Manav Kapoor,174853.67,115022.27,11.802,2026-01-25,2041-01-25,180,Current,0,WV,Refinance,MultiFamily,700,0.6263,0.2681,Complete,2026-08-26T09:00:00Z,OriginationCore,AtlasLoanCare
LN-000542,BR-000711,Kavya Mehta,144576.67,120386.08,3.125,2023-03-11,2033-03-10,120,Current,0,UT,Construction,MultiFamily,815,0.7146,0.2571,Complete,2026-07-19T09:00:00Z,OriginationCore,ServicerX
LN-000543,BR-000868,Nisha Trivedi,493275.89,0.0,3.644,2025-05-17,2045-05-17,240,Closed,0,ID,Purchase,Townhouse,702,0.5723,0.3747,Pending,2026-08-18T09:00:00Z,OriginationCore,ServicerX
LN-000544,BR-001486,Aman Verma,599650.12,358408.71,3.323,2022-03-29,2032-03-28,120,Current,0,HI,Purchase,SingleFamily,634,0.7284,0.4148,Complete,2026-08-22T09:00:00Z,OriginationCore,AtlasLoanCare
LN-000545,BR-002310,Dev Iyer,254284.88,203645.07,3.553,2026-01-16,2041-01-16,180,Current,0,MD,Purchase,MultiFamily,772,0.5553,0.2893,Complete,2026-08-24T09:00:00Z,OriginationCore,MeridianServicing
LN-000546,BR-002063,Rahul Desai,647258.29,471984.68,12.286,2024-12-14,2044-12-14,240,Current,0,AK,Construction,Townhouse,730,0.8778,0.1631,Complete,2026-07-10T09:00:00Z,OriginationCore,AtlasLoanCare
LN-000547,BR-000577,Vikram Desai,802423.29,694997.74,8.937,2025-07-10,2050-07-11,300,Current,0,NH,Refinance,MultiFamily,654,0.5982,0.4496,Complete,2026-08-13T09:00:00Z,OriginationCore,AtlasLoanCare
LN-000548,BR-002323,Dev Reddy,227497.54,132630.89,12.254,2023-09-22,2048-09-22,300,Current,0,WY,CashOutRefi,SingleFamily,707,0.4518,0.2598,Pending,2026-08-17T09:00:00Z,OriginationCore,ServicerX
LN-000549,BR-001888,Divya Banerjee,540034.88,313921.7,14.253,2023-04-07,2033-04-06,120,Current,0,TN,Refinance,SingleFamily,725,0.6685,0.2772,Complete,2026-07-12T09:00:00Z,OriginationCore,MeridianServicing
LN-000550,BR-001531,Meera Sethi,424703.53,350311.63,8.818,2024-12-16,2054-12-17,360,Current,0,UT,Purchase,SingleFamily,769,0.8348,0.3949,Complete,2026-08-06T09:00:00Z,OriginationCore,ServicerX
LN-000551,BR-001591,Tara Nair,369448.44,341992.82,7.013,2023-02-23,2033-02-22,120,Current,0,TN,Construction,SingleFamily,601,0.4992,0.1879,Missing,2026-08-12T09:00:00Z,OriginationCore,MeridianServicing
LN-000552,BR-001992,Sneha Banerjee,391292.4,274165.42,4.315,2024-03-02,2049-03-03,300,Current,0,AZ,Refinance,Townhouse,617,0.7521,0.2621,Complete,2026-07-19T09:00:00Z,OriginationCore,AtlasLoanCare
LN-000553,BR-000875,Arjun Bose,845990.72,625397.19,12.982,2025-09-15,2050-09-16,300,Current,0,LA,CashOutRefi,Condo,601,0.478,0.2459,Complete,2026-07-27T09:00:00Z,OriginationCore,AtlasLoanCare
LN-000554,BR-000221,Meera Sethi,496061.25,329462.44,6.933,2021-09-12,2046-09-13,300,Current,0,HI,Refinance,MultiFamily,687,0.6649,0.3374,Complete,2026-07-04T09:00:00Z,OriginationCore,AtlasLoanCare
LN-000555,BR-000814,Meera Menon,825708.15,753150.62,10.09,2022-06-06,2047-06-07,300,Current,0,TX,CashOutRefi,SingleFamily,618,0.8931,0.4768,Complete,2026-07-22T09:00:00Z,OriginationCore,MeridianServicing
LN-000556,BR-000515,Tara Menon,273382.29,269233.71,4.121,2021-11-06,2031-11-06,120,30-59 Days,36,WV,Refinance,Townhouse,758,0.7003,0.2081,Complete,2026-07-04T09:00:00Z,OriginationCore,MeridianServicing
LN-000557,BR-001491,Priya Joshi,875982.83,487329.61,13.312,2024-04-06,2039-04-07,180,Current,0,VT,Construction,Townhouse,685,0.6257,0.2733,Complete,2026-07-05T09:00:00Z,OriginationCore,AtlasLoanCare
LN-000558,BR-000667,Siddharth Sethi,837396.53,598046.37,7.388,2025-02-18,2045-02-18,240,Current,0,SD,CashOutRefi,SingleFamily,602,0.8433,0.1863,Complete,2026-07-22T09:00:00Z,OriginationCore,AtlasLoanCare
LN-000559,BR-001820,Kavya Menon,471944.19,452113.43,12.268,2025-03-30,2050-03-31,300,30-59 Days,51,ME,Construction,Condo,637,0.8273,0.3431,Complete,2026-08-20T09:00:00Z,OriginationCore,MeridianServicing
LN-000560,BR-001622,Priya Rao,872473.69,0.0,11.995,2022-06-22,2032-06-21,120,Paid Off,0,LA,CashOutRefi,MultiFamily,794,0.8965,0.4683,Complete,2026-07-31T09:00:00Z,OriginationCore,ServicerX
LN-000561,BR-002126,Aman Verma,63200.56,45171.88,6.854,2026-01-15,2051-01-16,300,Current,0,KS,Construction,Condo,737,0.7544,0.44,Pending,2026-07-05T09:00:00Z,OriginationCore,AtlasLoanCare
LN-000562,BR-001304,Kavya Mehta,848482.96,738493.77,8.03,2024-12-17,2049-12-18,300,Current,0,VA,Refinance,SingleFamily,741,0.7173,0.2872,Complete,2026-08-01T09:00:00Z,OriginationCore,MeridianServicing
LN-000563,BR-000048,Riya Kapoor,856395.26,506161.1,3.32,2024-08-15,2054-08-16,360,Current,0,OR,Construction,SingleFamily,770,0.8038,0.4942,Complete,2026-07-30T09:00:00Z,OriginationCore,MeridianServicing
LN-000564,BR-001005,Nisha Pillai,604644.31,384121.29,10.581,2023-09-20,2038-09-20,180,Current,0,CO,Refinance,SingleFamily,743,0.9416,0.4534,Complete,2026-07-04T09:00:00Z,OriginationCore,AtlasLoanCare
LN-000565,BR-002025,Aditya Bose,170560.08,107363.51,7.494,2025-03-16,2035-03-16,120,Current,0,AK,Construction,SingleFamily,704,0.9276,0.1767,Complete,2026-08-22T09:00:00Z,OriginationCore,MeridianServicing
LN-000566,BR-002324,Aman Iyer,737266.7,408786.17,4.348,2021-05-08,2041-05-08,240,Current,0,MN,Construction,SingleFamily,620,0.687,0.2391,Complete,2026-08-15T09:00:00Z,OriginationCore,AtlasLoanCare
LN-000567,BR-000471,Sneha Sharma,490295.68,316326.45,6.767,2026-02-23,2036-02-23,120,30-59 Days,37,CO,Refinance,MultiFamily,650,0.6649,0.4836,Complete,2026-08-03T09:00:00Z,OriginationCore,AtlasLoanCare
LN-000568,BR-000791,Divya Mehta,683415.29,530035.63,5.276,2021-03-02,2041-03-02,240,Current,0,MT,Purchase,MultiFamily,622,0.8368,0.4838,Complete,2026-08-01T09:00:00Z,OriginationCore,MeridianServicing
LN-000569,BR-000819,Riya Rao,743508.37,607602.54,7.301,2023-05-12,2048-05-12,300,Current,0,NH,Refinance,SingleFamily,710,0.5392,0.2934,Complete,2026-07-30T09:00:00Z,OriginationCore,AtlasLoanCare
LN-000570,BR-000762,Aditya Chauhan,388560.67,352027.34,3.835,2022-06-16,2052-06-16,360,Current,0,MS,Refinance,MultiFamily,611,0.4053,0.3909,Complete,2026-07-30T09:00:00Z,OriginationCore,ServicerX
LN-000571,BR-000870,Kavya Bose,813932.38,585754.57,4.184,2022-10-19,2047-10-20,300,Current,0,VA,Purchase,Townhouse,754,0.8159,0.2612,Complete,2026-07-19T09:00:00Z,OriginationCore,ServicerX
LN-000572,BR-000489,Rahul Gupta,473853.32,0.0,4.968,2020-11-12,2030-11-12,120,Closed,0,PA,Construction,Condo,727,0.4117,0.1562,Complete,2026-07-31T09:00:00Z,OriginationCore,AtlasLoanCare
LN-000573,BR-002161,Arjun Verma,291710.95,212142.92,10.415,2021-03-24,2031-03-24,120,90+ Days,98,NM,Purchase,Townhouse,765,0.5655,0.261,Complete,2026-07-23T09:00:00Z,OriginationCore,ServicerX
LN-000574,BR-002021,Rahul Rao,469745.81,320045.0,13.784,2022-11-23,2052-11-23,360,Current,0,AK,Refinance,SingleFamily,791,0.4057,0.1868,Complete,2026-07-28T09:00:00Z,OriginationCore,AtlasLoanCare
LN-000575,BR-002202,Priya Iyer,194662.73,184345.93,5.986,2023-11-13,2048-11-13,300,Current,0,DE,Purchase,MultiFamily,599,0.545,0.3908,Complete,2026-08-03T09:00:00Z,OriginationCore,MeridianServicing
LN-000576,BR-000607,Riya Sethi,836129.65,503982.69,10.324,2024-06-30,2044-06-30,240,Current,0,ND,Refinance,Townhouse,749,0.6696,0.2482,Complete,2026-08-06T09:00:00Z,OriginationCore,MeridianServicing
LN-000577,BR-000993,Sneha Nair,274240.23,160822.56,3.864,2025-05-17,2040-05-17,180,Current,0,AR,Refinance,SingleFamily,751,0.5189,0.4365,Complete,2026-07-22T09:00:00Z,OriginationCore,ServicerX
LN-000578,BR-001278,Tara Kapoor,741896.11,575806.36,12.75,2024-01-25,2044-01-25,240,30-59 Days,33,FL,Refinance,MultiFamily,678,0.9363,0.4538,Complete,2024-04-26T09:00:00Z,OriginationCore,MeridianServicing
LN-000579,BR-002365,Rahul Kapoor,286162.67,196062.8,8.301,2025-08-20,2040-08-20,180,Current,0,WV,Purchase,Condo,584,0.8918,0.2155,Complete,2026-07-02T09:00:00Z,OriginationCore,AtlasLoanCare
LN-000580,BR-001768,Sneha Kapoor,349163.3,276584.08,7.565,2021-04-30,2051-05-01,360,Current,0,NC,CashOutRefi,SingleFamily,692,0.5499,0.1842,Complete,2026-08-04T09:00:00Z,OriginationCore,AtlasLoanCare
LN-000581,BR-002022,Kavya Sethi,299905.01,243337.42,4.256,2024-03-25,2049-03-26,300,Current,0,TN,Refinance,SingleFamily,636,0.4634,0.4633,Complete,2026-07-24T09:00:00Z,OriginationCore,ServicerX
LN-000582,BR-001606,Nisha Reddy,284140.56,243731.62,5.529,2025-04-10,2035-04-10,120,Default,391,VT,CashOutRefi,Townhouse,632,0.4941,0.2213,Complete,2026-08-01T09:00:00Z,OriginationCore,AtlasLoanCare
LN-000583,BR-001953,Rohan Chauhan,673799.93,519786.56,4.958,2023-03-06,2053-03-06,360,Current,0,HI,Refinance,MultiFamily,810,0.6504,0.4868,Complete,2026-07-13T09:00:00Z,OriginationCore,MeridianServicing
LN-000584,BR-000040,Aman Rao,200887.79,117292.34,14.15,2026-03-04,2046-03-04,240,Current,0,NY,Refinance,Townhouse,608,0.4248,0.1561,Complete,2026-07-14T09:00:00Z,OriginationCore,MeridianServicing
LN-000585,BR-001375,Tara Banerjee,192209.03,113657.13,11.45,2020-10-06,2035-10-07,180,Current,0,TX,Construction,MultiFamily,673,0.6523,0.4397,Complete,2026-08-07T09:00:00Z,OriginationCore,MeridianServicing
LN-000586,BR-000606,Manav Chauhan,145846.91,126947.31,10.583,2020-12-22,2050-12-23,360,Current,0,MN,Construction,SingleFamily,642,0.7177,0.3935,Complete,2026-08-25T09:00:00Z,OriginationCore,ServicerX
LN-000587,BR-002232,Tara Desai,832550.17,497440.34,5.012,2024-03-26,2034-03-26,120,Current,0,MI,Construction,Townhouse,650,0.5701,0.1644,Complete,2026-08-09T09:00:00Z,OriginationCore,MeridianServicing
LN-000588,BR-001422,Rohan Reddy,418440.68,408392.8,14.149,Jul 31 2024,2055-01-11,360,Current,0,UT,Refinance,Townhouse,754,0.4826,0.4883,Complete,2026-07-07T09:00:00Z,OriginationCore,AtlasLoanCare
LN-000589,BR-000168,Sneha Joshi,463801.08,315236.21,12.493,2023-01-01,2038-01-01,180,Current,0,AR,Construction,MultiFamily,581,0.6367,0.3811,Complete,2026-07-28T09:00:00Z,OriginationCore,MeridianServicing
LN-000590,BR-002297,Ananya Nair,796913.78,614322.52,11.202,2022-06-24,2037-06-24,180,60-89 Days,64,WA,Refinance,Townhouse,729,0.905,0.2518,Complete,2026-07-08T09:00:00Z,OriginationCore,MeridianServicing
LN-000591,BR-001071,Rohan Trivedi,409178.79,0.0,6.573,2022-01-27,2037-01-27,180,Closed,0,UT,CashOutRefi,Condo,754,0.8222,0.2375,Complete,2024-10-29T09:00:00Z,OriginationCore,ServicerX
LN-000592,BR-000752,Nisha Sethi,122758.24,101454.81,4.104,2022-12-26,2042-12-26,240,Current,0,VT,CashOutRefi,MultiFamily,699,0.5948,0.3133,Missing,2026-07-23T09:00:00Z,OriginationCore,MeridianServicing
LN-000593,BR-001239,Karan Menon,863867.99,762429.88,8.89,2026-02-09,2036-02-09,120,Current,0,SC,CashOutRefi,SingleFamily,773,0.8648,0.1941,Complete,2026-07-18T09:00:00Z,OriginationCore,MeridianServicing
LN-000594,BR-000439,Ishita Trivedi,763318.33,510566.02,4.12,2021-03-30,2051-03-31,360,Current,0,OR,Construction,MultiFamily,801,0.4335,0.4092,Complete,2026-07-16T09:00:00Z,OriginationCore,AtlasLoanCare
LN-000595,BR-000916,Ananya Joshi,488824.43,476898.35,10.225,2024-02-09,2034-02-08,120,Current,0,NY,Refinance,SingleFamily,597,0.4,0.3613,Complete,2026-08-18T09:00:00Z,OriginationCore,ServicerX
LN-000596,BR-000228,Rahul Joshi,138065.97,106663.41,7.652,2024-02-12,2039-02-12,180,Current,0,KS,CashOutRefi,Townhouse,799,0.762,0.1931,Complete,2026-08-01T09:00:00Z,OriginationCore,ServicerX
LN-000597,BR-002240,Sneha Banerjee,745767.59,466210.06,8.525,2024-10-25,2039-10-26,180,Current,0,TX,Purchase,Townhouse,674,0.7672,0.2869,Complete,2026-07-10T09:00:00Z,OriginationCore,ServicerX
LN-000598,BR-002312,Nisha Sharma,741469.56,500273.8,9.676,2021-09-24,2046-09-25,300,Current,0,TN,Construction,SingleFamily,812,0.8989,0.487,Complete,2026-08-19T09:00:00Z,OriginationCore,AtlasLoanCare
LN-000599,BR-002062,Sneha Rao,57752.05,44485.3,13.379,2023-04-20,2048-04-20,300,Current,0,NC,Purchase,Condo,747,0.4833,0.3796,Complete,2026-07-02T09:00:00Z,OriginationCore,MeridianServicing
LN-000600,BR-001982,Nisha Banerjee,717216.8,685895.84,9.967,2023-04-14,2038-04-14,180,Current,0,XX,CashOutRefi,Condo,758,0.5782,0.4843,Complete,2026-08-22T09:00:00Z,OriginationCore,AtlasLoanCare
LN-000601,BR-000436,Dev Banerjee,88189.76,N/A,6.722,2025-08-25,2050-08-26,300,90+ Days,119,WY,Refinance,SingleFamily,810,0.8844,0.4049,Complete,2026-08-20T09:00:00Z,OriginationCore,MeridianServicing
LN-000602,BR-001809,Aditya Trivedi,570118.08,525986.84,10.26,2025-09-17,2035-09-17,120,Current,0,ID,CashOutRefi,SingleFamily,758,0.6472,0.1966,Complete,2026-08-22T09:00:00Z,OriginationCore,AtlasLoanCare
LN-000603,BR-000664,Manav Desai,264620.7,178851.66,12.3,2024-03-18,2039-03-19,180,Current,0,CO,Purchase,SingleFamily,632,0.4183,0.1992,Complete,2026-08-14T09:00:00Z,OriginationCore,MeridianServicing
LN-000604,BR-002164,Dev Bose,339604.62,329894.37,12.573,2025-08-07,2055-08-08,360,Current,0,NC,CashOutRefi,MultiFamily,738,0.8949,0.4487,Pending,2026-07-11T09:00:00Z,OriginationCore,MeridianServicing
LN-000605,BR-001222,Rahul Reddy,792880.37,480457.48,8.735,2022-03-10,2047-03-11,300,Current,0,RI,CashOutRefi,SingleFamily,637,0.8517,0.2515,Pending,2026-07-24T09:00:00Z,OriginationCore,MeridianServicing
LN-000606,BR-002357,Karan Desai,791576.15,535699.44,13.716,2025-08-23,2045-08-23,240,Current,0,MT,Purchase,SingleFamily,729,0.659,0.4711,Complete,2026-07-23T09:00:00Z,OriginationCore,ServicerX
LN-000607,BR-000571,Sneha Kulkarni,408194.84,384002.08,12.393,2022-08-13,2032-08-12,120,Current,0,WI,Purchase,Condo,706,0.4401,0.4818,Pending,2026-08-23T09:00:00Z,OriginationCore,AtlasLoanCare
LN-000608,BR-000331,Siddharth Banerjee,883897.64,0.0,13.886,2022-07-12,2032-07-11,120,Paid Off,0,WA,Purchase,SingleFamily,589,0.6731,0.2288,Complete,2026-07-19T09:00:00Z,OriginationCore,MeridianServicing
LN-000609,BR-000804,Siddharth Trivedi,68226.77,60748.42,12.893,2023-11-08,2043-11-08,240,Current,0,OK,Construction,SingleFamily,679,0.8211,0.3934,Complete,2026-07-06T09:00:00Z,OriginationCore,MeridianServicing
LN-000610,BR-001441,Sneha Verma,148245.72,121693.04,8.02,2024-11-10,2054-11-11,360,Current,0,KS,Refinance,SingleFamily,730,0.4055,0.2946,Complete,2026-08-03T09:00:00Z,OriginationCore,AtlasLoanCare
LN-000611,BR-000233,Meera Iyer,892297.93,773375.86,4.457,2025-11-22,2055-11-23,360,Default,0,ME,Purchase,MultiFamily,669,0.7313,0.4616,Missing,2026-07-05T09:00:00Z,OriginationCore,ServicerX
LN-000612,BR-002227,Sneha Banerjee,456896.16,266733.09,11.11,2021-12-11,2051-12-12,360,Current,0,IA,Construction,MultiFamily,673,0.8291,0.2524,Complete,2026-08-10T09:00:00Z,OriginationCore,AtlasLoanCare
LN-000613,BR-001992,Divya Nair,643105.93,368987.76,5.341,2022-10-30,2042-10-30,240,Current,0,ND,Refinance,MultiFamily,769,0.7041,0.193,Complete,2026-07-31T09:00:00Z,OriginationCore,ServicerX
LN-000614,BR-000088,Dev Iyer,643590.65,482471.41,6.108,2023-10-09,2033-10-08,120,Current,0,MD,Purchase,SingleFamily,651,0.87,0.2844,Complete,2026-08-19T09:00:00Z,OriginationCore,MeridianServicing
LN-000615,BR-002182,Arjun Joshi,87753.22,55385.25,3.36,2021-06-05,2046-06-06,300,Current,0,AK,CashOutRefi,MultiFamily,787,0.8143,0.2258,Complete,2026-07-30T09:00:00Z,OriginationCore,AtlasLoanCare
LN-000616,BR-000234,Rahul Kulkarni,785880.95,753321.31,7.463,2021-07-16,2051-07-17,360,60-89 Days,83,UT,CashOutRefi,Townhouse,688,0.7149,0.3489,Complete,2026-07-09T09:00:00Z,OriginationCore,ServicerX
LN-000617,BR-000063,Divya Pillai,683788.79,0.0,3.984,2021-03-01,2046-03-02,300,Paid Off,0,WY,CashOutRefi,MultiFamily,726,0.617,0.3654,Complete,2026-08-18T09:00:00Z,OriginationCore,AtlasLoanCare
LN-000618,BR-000733,Tara Gupta,155660.45,107598.0,3.199,2026-04-08,2046-04-08,240,Unknown,0,NJ,Purchase,MultiFamily,702,0.7508,0.3448,Complete,2026-08-10T09:00:00Z,OriginationCore,AtlasLoanCare
LN-000619,BR-000737,Divya Pillai,812487.64,787665.37,5.985,2023-04-22,2033-04-21,120,Current,0,FL,Refinance,Condo,617,0.8792,0.3796,Complete,2026-07-29T09:00:00Z,OriginationCore,AtlasLoanCare
LN-000620,BR-002267,Karan Iyer,631775.18,508675.0,13.945,2024-05-04,2034-05-04,120,90+ Days,123,KY,Purchase,MultiFamily,718,0.7951,0.3602,Complete,2026-08-24T09:00:00Z,OriginationCore,ServicerX
LN-000621,BR-001522,Manav Nair,146205.18,93538.92,10.382,2021-06-06,2051-06-07,360,Current,0,GA,Purchase,MultiFamily,735,0.8335,0.2672,Complete,2026-07-21T09:00:00Z,OriginationCore,AtlasLoanCare
LN-000622,BR-000183,Rohan Kapoor,851107.62,479777.25,13.487,2021-02-16,2041-02-16,240,Current,0,CT,Refinance,MultiFamily,710,0.7937,0.4097,Complete,2026-08-03T09:00:00Z,OriginationCore,AtlasLoanCare
LN-000623,BR-001561,Meera Nair,372013.74,312159.0,14.024,2023-12-30,2043-12-30,240,Current,0,OR,Construction,SingleFamily,796,0.8832,0.4294,Complete,2026-08-17T09:00:00Z,OriginationCore,AtlasLoanCare
LN-000624,BR-001347,Karan Rao,319398.45,256511.21,5.655,2021-06-17,2051-06-18,360,Current,0,WV,Purchase,Condo,693,0.803,0.4581,Complete,2026-08-11T09:00:00Z,OriginationCore,MeridianServicing
LN-000625,BR-001839,Manav Chauhan,114977.2,87730.82,9.547,2020-09-25,2050-09-26,360,Current,0,OH,Refinance,Townhouse,752,0.7216,0.1983,Complete,2026-08-12T09:00:00Z,OriginationCore,MeridianServicing
LN-000626,BR-002360,Dev Bose,150269.42,116039.76,13.349,2022-11-20,2042-11-20,240,Current,0,AL,Refinance,SingleFamily,687,0.5449,0.3441,Pending,2026-08-17T09:00:00Z,OriginationCore,AtlasLoanCare
LN-000627,BR-000300,Ananya Desai,789039.98,442280.46,12.969,2024-12-27,2034-12-27,120,90+ Days,139,NV,CashOutRefi,Condo,682,0.7833,0.2345,Complete,2026-08-16T09:00:00Z,OriginationCore,MeridianServicing
LN-000628,BR-001839,Manav Gupta,895013.99,783181.37,11.518,2025-03-13,2045-03-13,240,Current,0,ME,Construction,Condo,767,0.5009,0.4181,Pending,2026-08-04T09:00:00Z,OriginationCore,AtlasLoanCare
LN-000629,BR-001858,Nisha Verma,811259.3,578220.62,8.044,2024-09-12,2034-09-12,120,Current,0,WY,Purchase,Condo,656,0.6713,0.1669,Complete,2026-07-16T09:00:00Z,OriginationCore,AtlasLoanCare
LN-000630,BR-000731,Ananya Iyer,767455.61,531103.87,12.361,2020-09-15,2050-09-16,360,Current,0,NV,CashOutRefi,MultiFamily,605,0.591,0.208,Complete,2026-08-06T09:00:00Z,OriginationCore,MeridianServicing
LN-000631,BR-000435,Karan Pillai,802546.79,765457.05,4.622,2023-11-24,2048-11-24,300,Current,0,OK,Refinance,SingleFamily,733,0.8964,0.4859,Complete,2026-07-19T09:00:00Z,OriginationCore,ServicerX
LN-000632,BR-001747,Tara Desai,757628.82,484414.24,4.451,2020-12-05,2030-12-05,120,Current,0,ME,Purchase,SingleFamily,693,0.8889,0.3226,Complete,2026-07-21T09:00:00Z,OriginationCore,ServicerX
LN-000633,BR-000305,Ishita Mehta,873173.64,766194.25,8.831,2025-02-05,2045-02-05,240,60-89 Days,68,NJ,Purchase,MultiFamily,808,0.9086,0.3017,Pending,2026-08-12T09:00:00Z,OriginationCore,AtlasLoanCare
LN-000634,BR-000033,Karan Kapoor,765216.38,716343.81,9.743,2024-04-09,2044-04-09,240,Current,0,UT,Refinance,MultiFamily,700,0.4833,0.4349,Complete,2026-08-24T09:00:00Z,OriginationCore,MeridianServicing
LN-000635,BR-000878,Priya Sethi,589556.82,458188.67,3.774,2024-03-06,2039-03-07,180,Current,0,VA,Refinance,SingleFamily,687,0.7784,0.3647,Complete,2026-07-11T09:00:00Z,OriginationCore,ServicerX
LN-000636,BR-000950,Rohan Banerjee,500891.97,0.0,8.638,2020-12-22,2040-12-22,240,Paid Off,0,RI,CashOutRefi,Townhouse,655,0.4531,0.1893,Pending,2026-08-07T09:00:00Z,OriginationCore,MeridianServicing
LN-000637,BR-001307,Rahul Rao,326587.49,196266.16,11.015,2021-05-23,2046-05-24,300,Current,0,WY,Construction,Townhouse,733,0.6266,0.2322,Complete,2026-07-28T09:00:00Z,OriginationCore,AtlasLoanCare
LN-000638,BR-001685,Nisha Gupta,101682.77,67629.85,7.89,2021-10-26,2036-10-26,180,30-59 Days,38,AR,CashOutRefi,Townhouse,766,0.5204,0.3727,Complete,2026-08-06T09:00:00Z,OriginationCore,MeridianServicing
LN-000639,BR-000452,Aman Trivedi,536629.84,343833.96,6.791,2023-12-04,2048-12-04,300,Current,0,WA,Purchase,Townhouse,603,0.8292,0.2667,Complete,2026-07-17T09:00:00Z,OriginationCore,AtlasLoanCare
LN-000640,BR-002195,Nisha Chauhan,490851.65,312826.39,6.337,2025-11-08,2035-11-08,120,Current,0,MS,CashOutRefi,Townhouse,635,0.7041,0.237,Complete,2026-08-16T09:00:00Z,OriginationCore,ServicerX
LN-000641,BR-001235,Priya Chauhan,476274.42,270812.24,10.263,2025-04-04,2055-04-05,360,60-89 Days,82,KS,Purchase,MultiFamily,771,0.468,0.4244,Complete,2026-08-08T09:00:00Z,OriginationCore,ServicerX
LN-000642,BR-001702,Priya Sharma,115048.02,98887.83,11.54,2025-06-15,2045-06-15,240,Current,0,CT,Construction,Condo,792,0.7331,0.2593,Complete,2026-07-11T09:00:00Z,OriginationCore,AtlasLoanCare
LN-000643,BR-002361,Dev Malhotra,282942.28,188518.44,6.349,2023-01-07,2033-01-06,120,Current,0,IA,Construction,MultiFamily,703,0.5564,0.396,Complete,2026-07-16T09:00:00Z,OriginationCore,MeridianServicing
LN-000644,BR-002239,Rahul Gupta,668423.84,0.0,5.577,2020-10-31,2030-10-31,120,Paid Off,0,MT,Refinance,Townhouse,674,0.6622,0.1881,Complete,2026-07-09T09:00:00Z,OriginationCore,ServicerX
LN-000645,BR-001024,Meera Kapoor,526752.61,508063.98,7.637,2025-05-03,2035-05-03,120,Current,0,ND,Refinance,SingleFamily,776,0.6714,0.2942,Complete,2026-07-20T09:00:00Z,OriginationCore,ServicerX
LN-000646,BR-000857,Siddharth Banerjee,635647.96,593331.78,9.274,2022-10-20,2032-10-19,120,Current,0,TN,Refinance,MultiFamily,698,0.7899,0.3301,Pending,2026-08-09T09:00:00Z,OriginationCore,AtlasLoanCare
LN-000647,BR-000664,Kavya Reddy,411846.72,249580.88,4.911,2025-03-24,2035-03-24,120,Current,0,DE,Purchase,Townhouse,706,0.4939,0.4311,Complete,2026-08-26T09:00:00Z,OriginationCore,AtlasLoanCare
LN-000648,BR-001111,Kavya Verma,389494.81,69084.49,10.074,2021-09-19,2051-09-20,360,Paid Off,0,OR,Refinance,Condo,654,0.6878,0.2216,Complete,2026-08-08T09:00:00Z,OriginationCore,AtlasLoanCare
LN-000649,BR-000555,Vikram Desai,451293.53,313774.44,11.223,2023-08-03,2043-08-03,240,Current,0,AL,CashOutRefi,Townhouse,625,0.4827,0.1735,Missing,2026-07-10T09:00:00Z,OriginationCore,MeridianServicing
LN-000650,BR-001920,Aman Mehta,639938.4,445176.64,3.768,2024-03-03,2039-03-04,180,Current,0,MN,Purchase,Condo,650,0.5563,0.469,Complete,2026-08-23T09:00:00Z,OriginationCore,AtlasLoanCare
LN-000651,BR-000830,Meera Menon,580825.8,384558.8,4.753,2022-04-15,2042-04-15,240,Current,0,LA,Refinance,MultiFamily,724,0.4563,0.4289,Complete,2026-07-23T09:00:00Z,OriginationCore,MeridianServicing
LN-000652,BR-000858,Vikram Sharma,871660.06,715624.51,12.009,2023-04-19,2043-04-19,240,30-59 Days,36,CO,Refinance,Condo,622,0.6615,0.1501,Complete,2026-07-27T09:00:00Z,OriginationCore,ServicerX
LN-000653,BR-002050,Rahul Chauhan,736149.23,557664.84,9.442,2020-09-01,2035-09-02,180,Current,0,WY,Construction,Townhouse,670,0.5715,0.3327,Complete,2026-08-07T09:00:00Z,OriginationCore,AtlasLoanCare
LN-000654,BR-001791,Siddharth Gupta,853666.44,736708.14,8.636,2024-07-17,2039-07-18,180,90+ Days,122,UT,Purchase,Townhouse,746,0.5915,0.1589,Complete,2026-07-04T09:00:00Z,OriginationCore,MeridianServicing
LN-000655,BR-001567,Aditya Mehta,231712.97,229181.75,13.732,2021-08-25,2041-08-25,240,Current,0,IL,Construction,MultiFamily,714,0.5072,0.3552,Complete,2026-08-14T09:00:00Z,OriginationCore,MeridianServicing
LN-000656,BR-001961,Nisha Iyer,833329.36,470624.76,14.451,2020-10-07,2040-10-07,240,Current,0,LA,Purchase,SingleFamily,800,0.7949,0.3148,Complete,2026-08-09T09:00:00Z,OriginationCore,MeridianServicing
LN-000657,BR-000426,Arjun Rao,452431.15,398256.14,3.332,2024-06-16,2049-06-17,300,Default,363,GA,Refinance,Condo,601,0.6308,0.446,Complete,2026-07-06T09:00:00Z,OriginationCore,AtlasLoanCare
LN-000658,BR-000069,Ishita Verma,132854.14,130555.43,13.324,2022-11-18,2032-11-17,120,Current,0,PA,CashOutRefi,SingleFamily,820,0.7655,0.2957,Complete,2026-08-14T09:00:00Z,OriginationCore,ServicerX
LN-000659,BR-000707,Tara Iyer,751290.41,654179.44,6.169,2024-03-29,2034-03-29,120,Current,0,VT,Construction,Condo,742,0.8108,0.4433,Complete,2026-08-21T09:00:00Z,OriginationCore,MeridianServicing
LN-000660,BR-002320,Tara Nair,150057.39,137735.65,4.337,2022-06-22,2052-06-22,360,Current,122,ID,Purchase,Condo,661,0.7251,0.488,Complete,2026-08-21T09:00:00Z,OriginationCore,ServicerX
LN-000661,BR-000783,Ananya Joshi,441296.73,425862.12,3.613,2022-03-16,2037-03-16,180,Default,361,ME,Refinance,MultiFamily,615,0.7108,0.2949,Pending,2026-08-07T09:00:00Z,OriginationCore,MeridianServicing
LN-000662,BR-002007,Aditya Menon,882386.48,655986.64,7.182,2024-06-02,2039-06-03,180,Current,0,SD,Refinance,SingleFamily,793,0.7219,0.2045,Complete,2026-08-21T09:00:00Z,OriginationCore,AtlasLoanCare
LN-000663,BR-002064,Siddharth Pillai,599106.79,405609.17,4.044,2022-07-08,2047-07-09,300,Current,0,KY,Refinance,Townhouse,646,0.4173,0.1904,Complete,2026-08-05T09:00:00Z,OriginationCore,ServicerX
LN-000664,BR-000139,Ishita Reddy,447159.84,356859.73,10.239,2024-11-02,2049-11-03,300,Current,0,HI,Construction,Townhouse,665,0.5852,0.466,Complete,2026-07-15T09:00:00Z,OriginationCore,MeridianServicing
LN-000665,BR-001870,Riya Menon,446815.05,250024.29,10.987,2024-07-31,2044-07-31,240,Current,0,NM,Refinance,MultiFamily,765,0.6053,0.2683,Complete,2026-07-06T09:00:00Z,OriginationCore,MeridianServicing
LN-000666,BR-000442,Manav Sethi,698697.04,0.0,11.902,2023-10-12,2033-10-11,120,Paid Off,0,PA,Purchase,Condo,711,0.4915,0.2552,Complete,2026-07-25T09:00:00Z,OriginationCore,AtlasLoanCare
LN-000667,BR-001365,Arjun Nair,858769.8,525053.27,6.557,2024-03-07,2054-03-08,360,Current,0,MN,Construction,Townhouse,622,0.6533,0.3805,Complete,2026-07-15T09:00:00Z,OriginationCore,ServicerX
LN-000668,BR-001003,Ananya Kulkarni,118318.98,75660.45,12.725,2022-12-16,2042-12-16,240,Current,0,AL,Construction,Condo,668,0.455,0.3424,Complete,2026-08-21T09:00:00Z,OriginationCore,ServicerX
LN-000669,BR-001588,Ananya Verma,756644.94,670194.26,11.775,2022-03-09,2047-03-10,300,30-59 Days,34,MT,CashOutRefi,MultiFamily,789,0.7711,0.4554,Complete,2026-08-20T09:00:00Z,OriginationCore,AtlasLoanCare
LN-000670,BR-000730,Karan Rao,465062.93,375784.21,7.166,2022-07-08,2032-07-07,120,30-59 Days,46,AL,Construction,SingleFamily,745,0.5265,0.325,Complete,2026-08-12T09:00:00Z,OriginationCore,MeridianServicing
LN-000671,BR-001275,Nisha Banerjee,338648.66,249690.05,3.401,2025-05-13,2050-05-14,300,Current,0,ID,Refinance,Townhouse,754,0.6845,0.1873,Pending,2026-08-08T09:00:00Z,OriginationCore,MeridianServicing
LN-000672,BR-002077,Nisha Gupta,733017.72,506054.43,3.133,2021-11-14,2031-11-14,120,Current,0,NV,Purchase,MultiFamily,688,0.5423,0.3719,Complete,2026-07-21T09:00:00Z,OriginationCore,MeridianServicing
LN-000673,BR-000458,Vikram Sethi,713853.0,657768.5,9.115,2022-03-23,2052-03-23,360,30-59 Days,42,UT,Purchase,Condo,581,0.5854,0.477,Complete,2026-08-03T09:00:00Z,OriginationCore,ServicerX
LN-000674,BR-002006,Tara Rao,419654.84,238167.36,3.576,2021-04-21,2051-04-22,360,Current,0,KY,Construction,MultiFamily,752,0.5629,0.4367,Complete,2026-07-02T09:00:00Z,OriginationCore,ServicerX
LN-000675,BR-000458,Aditya Iyer,404501.2,275457.5,9.11,2022-05-28,2042-05-28,240,Current,0,KS,Refinance,SingleFamily,716,0.452,0.4044,Complete,2026-08-24T09:00:00Z,OriginationCore,MeridianServicing
LN-000676,BR-002145,Riya Gupta,876074.86,575935.39,3.467,2022-07-14,2042-07-14,240,Current,0,MS,Purchase,Condo,735,0.9373,0.3732,Pending,2026-07-05T09:00:00Z,OriginationCore,MeridianServicing
LN-000677,BR-000092,Vikram Pillai,337106.83,230201.43,11.298,2025-07-10,2055-07-11,360,Current,0,NV,Purchase,Condo,726,0.5435,0.2561,Complete,2026-08-01T09:00:00Z,OriginationCore,ServicerX
LN-000678,BR-000761,Divya Desai,537335.61,516707.53,10.722,2022-03-18,2032-03-17,120,Current,0,ID,CashOutRefi,MultiFamily,581,0.624,0.1566,Complete,2026-08-09T09:00:00Z,OriginationCore,ServicerX
LN-000679,BR-000907,Karan Sharma,443075.04,367458.49,11.154,2023-05-31,2043-05-31,240,60-89 Days,67,CA,CashOutRefi,Townhouse,730,0.6314,0.3583,Complete,2026-08-20T09:00:00Z,OriginationCore,MeridianServicing
LN-000680,BR-001893,Dev Bose,341508.11,311440.58,9.121,2026-04-07,2056-04-07,360,Current,0,UT,Construction,MultiFamily,683,0.4177,0.4483,Missing,2026-08-17T09:00:00Z,OriginationCore,AtlasLoanCare
LN-000681,BR-001196,Ishita Gupta,120628.2,94454.34,10.757,2022-07-14,2047-07-15,300,30-59 Days,30,GA,Refinance,MultiFamily,724,0.6373,0.4985,Complete,2026-08-07T09:00:00Z,OriginationCore,MeridianServicing
LN-000682,BR-000506,Rahul Malhotra,891228.2,700987.33,5.511,2020-11-25,2050-11-26,360,Current,0,OR,CashOutRefi,Condo,801,0.4875,0.4221,Complete,2026-08-02T09:00:00Z,OriginationCore,MeridianServicing
LN-000683,BR-001309,Aditya Reddy,349220.93,330433.51,10.639,2021-10-28,2051-10-29,360,Current,0,NC,Construction,Condo,799,0.6222,0.4149,Complete,2026-08-09T09:00:00Z,OriginationCore,MeridianServicing
LN-000684,BR-001901,Vikram Reddy,390046.21,356947.35,7.409,2024-05-31,2039-06-01,180,Current,0,NE,Construction,Condo,742,0.416,0.2285,Complete,2026-07-09T09:00:00Z,OriginationCore,AtlasLoanCare
LN-000685,BR-001933,Meera Rao,853665.67,563397.09,3.261,2021-10-27,2031-10-27,120,Current,0,OK,Refinance,Condo,697,0.603,0.4561,Complete,2026-07-21T09:00:00Z,OriginationCore,AtlasLoanCare
LN-000686,BR-001889,Tara Chauhan,162752.55,91725.95,10.862,2022-10-15,2037-10-15,180,Current,0,KS,Refinance,Townhouse,708,0.7528,0.4313,Pending,2026-07-21T09:00:00Z,OriginationCore,ServicerX
LN-000687,BR-001665,Kavya Banerjee,663739.32,583684.24,12.915,2021-03-22,2036-03-22,180,Current,0,NE,CashOutRefi,SingleFamily,763,0.8271,0.3765,Complete,2026-07-14T09:00:00Z,OriginationCore,ServicerX
LN-000688,BR-000164,Aditya Malhotra,753590.76,683605.88,11.241,2021-01-05,2046-01-06,300,Current,0,NV,Purchase,SingleFamily,617,0.8659,0.4153,Complete,2026-07-04T09:00:00Z,OriginationCore,ServicerX
LN-000689,BR-001977,Sneha Pillai,400959.1,381596.31,4.117,2022-04-18,2037-04-18,180,Current,0,NJ,Construction,Condo,773,0.543,0.2534,Complete,2026-07-07T09:00:00Z,OriginationCore,MeridianServicing
LN-000690,BR-000107,Karan Rao,555263.91,341559.79,9.481,2023-04-27,2043-04-27,240,30-59 Days,52,ME,CashOutRefi,Condo,725,0.7486,0.3163,Complete,2026-08-08T09:00:00Z,OriginationCore,MeridianServicing
LN-000691,BR-000934,Priya Bose,174547.22,125509.88,9.707,2024-12-18,2039-12-19,180,Current,0,PA,Purchase,MultiFamily,673,0.7966,0.4109,Missing,2026-07-17T09:00:00Z,OriginationCore,MeridianServicing
LN-000692,BR-001288,Kavya Rao,876542.82,708544.26,7.347,2024-06-30,2049-07-01,300,Current,0,TN,Refinance,Townhouse,624,0.6662,0.283,Complete,2026-07-25T09:00:00Z,OriginationCore,ServicerX
LN-000693,BR-000490,Sneha Rao,312912.04,210420.47,8.736,2023-11-20,2043-11-20,240,Current,0,WV,Refinance,Condo,673,0.7653,0.2895,Complete,2026-07-08T09:00:00Z,OriginationCore,MeridianServicing
LN-000279,BR-002203,Meera Iyer,280752.53,0.0,8.136,2025-08-26,2055-08-27,360,Closed,0,KS,CashOutRefi,Condo,756,0.915,0.4501,Complete,2026-07-03T09:00:00Z,OriginationCore,AtlasLoanCare
LN-000695,BR-000779,Meera Kapoor,84197.87,66757.91,9.009,2024-06-01,2049-06-02,300,Current,0,IN,Refinance,Condo,729,0.8189,0.317,Complete,2026-08-21T09:00:00Z,OriginationCore,ServicerX
LN-000696,BR-000410,Siddharth Menon,216961.95,127289.39,5.472,2025-08-02,2045-08-02,240,Current,0,MD,Purchase,Townhouse,800,0.8977,0.402,Complete,2026-08-14T09:00:00Z,OriginationCore,AtlasLoanCare
LN-000697,BR-002018,Vikram Verma,893402.03,651427.93,8.834,2021-04-16,2036-04-16,180,Current,0,TN,CashOutRefi,MultiFamily,802,0.6927,0.2694,Complete,2026-08-09T09:00:00Z,OriginationCore,AtlasLoanCare
LN-000698,BR-001308,Kavya Banerjee,144749.55,91215.28,8.702,2021-06-21,2041-06-21,240,30-59 Days,35,CA,Construction,MultiFamily,604,0.9089,0.3051,Complete,2026-08-26T09:00:00Z,OriginationCore,AtlasLoanCare
LN-000699,BR-001251,Ishita Desai,711973.02,458379.08,8.427,2024-03-27,2039-03-28,180,30-59 Days,51,MD,Refinance,Condo,662,0.486,0.4182,Complete,2026-07-25T09:00:00Z,OriginationCore,ServicerX
LN-000700,BR-001708,Divya Chauhan,326829.07,247887.13,13.728,2024-08-23,2054-08-24,360,Current,0,MD,CashOutRefi,Condo,658,0.5835,0.2739,Complete,2026-07-19T09:00:00Z,OriginationCore,MeridianServicing
LN-000701,BR-000227,Manav Rao,528793.44,292156.21,10.427,2021-08-20,2041-08-20,240,30-59 Days,34,NJ,CashOutRefi,SingleFamily,789,0.7874,0.223,Complete,2026-08-01T09:00:00Z,OriginationCore,MeridianServicing
LN-000702,BR-000817,Sneha Trivedi,323568.93,224330.81,8.784,2026-02-21,2046-02-21,240,60-89 Days,87,LA,Purchase,SingleFamily,642,0.4882,0.403,Pending,2026-07-22T09:00:00Z,OriginationCore,AtlasLoanCare
LN-000703,BR-001995,Karan Pillai,714043.75,694251.85,14.35,2025-11-21,2050-11-22,300,Current,0,AR,Purchase,SingleFamily,743,0.5885,0.3383,Complete,2026-07-12T09:00:00Z,OriginationCore,MeridianServicing
LN-000704,BR-001695,Ananya Kapoor,164142.02,113717.6,9.783,2021-02-11,2031-02-11,120,30-59 Days,48,IL,Purchase,Townhouse,642,0.5803,0.3413,Complete,2026-07-08T09:00:00Z,OriginationCore,AtlasLoanCare
LN-000705,BR-001286,Aditya Gupta,636134.61,565370.1,11.594,2023-02-20,2053-02-20,360,Current,0,ID,CashOutRefi,Townhouse,638,0.6534,0.2666,Complete,2026-07-02T09:00:00Z,OriginationCore,AtlasLoanCare
LN-000706,BR-000489,Manav Sethi,563074.36,0.0,7.558,2023-07-18,2043-07-18,240,Paid Off,0,AR,Purchase,MultiFamily,584,0.7111,0.4985,Missing,2026-08-18T09:00:00Z,OriginationCore,MeridianServicing
LN-000707,BR-002316,Meera Kulkarni,290249.46,168207.74,11.977,2020-11-20,2050-11-21,360,Current,0,NC,Purchase,Townhouse,736,0.7576,0.2168,Complete,2026-08-22T09:00:00Z,OriginationCore,AtlasLoanCare
LN-000708,BR-001354,Meera Mehta,445857.89,440290.85,10.45,2023-04-20,2048-04-20,300,Default,267,NJ,Construction,SingleFamily,682,0.7161,0.1522,Pending,2026-08-17T09:00:00Z,OriginationCore,ServicerX
LN-000709,BR-001338,Siddharth Gupta,324026.66,300195.42,10.517,2023-11-18,2033-11-17,120,Current,0,WY,CashOutRefi,Condo,628,0.8251,0.2222,Complete,2026-07-20T09:00:00Z,OriginationCore,ServicerX
LN-000710,BR-001292,Karan Bose,712543.73,691203.52,5.32,2025-12-18,2055-12-19,360,Current,0,NV,CashOutRefi,Condo,819,0.9059,0.4203,Complete,2026-08-06T09:00:00Z,OriginationCore,MeridianServicing
LN-000711,BR-001559,Arjun Gupta,71610.3,66299.88,8.043,2022-03-14,2032-03-13,120,90+ Days,115,IN,Construction,SingleFamily,603,0.9331,0.3273,Complete,2026-08-13T09:00:00Z,OriginationCore,AtlasLoanCare
LN-000712,BR-001468,Ishita Sethi,693115.4,530377.25,5.196,2024-07-30,2034-07-30,120,Current,0,NC,CashOutRefi,Townhouse,645,0.6798,0.4807,Complete,2026-07-19T09:00:00Z,OriginationCore,MeridianServicing
LN-000713,BR-000268,Manav Joshi,867333.44,614568.78,5.638,2021-12-01,2046-12-02,300,Current,0,TN,Construction,Townhouse,584,0.9232,0.2462,Complete,2026-08-07T09:00:00Z,OriginationCore,MeridianServicing
LN-000714,BR-000638,Ananya Banerjee,770302.59,426809.67,11.766,2024-10-29,2034-10-29,120,Current,0,RI,Refinance,MultiFamily,675,0.7397,0.4381,Complete,2026-07-24T09:00:00Z,OriginationCore,ServicerX
LN-000715,BR-000666,Priya Banerjee,680671.67,428762.21,5.347,2024-09-15,2054-09-16,360,60-89 Days,72,SD,CashOutRefi,MultiFamily,739,0.5766,0.4241,Complete,2026-08-19T09:00:00Z,OriginationCore,MeridianServicing
LN-000716,BR-002152,Vikram Mehta,826540.39,591717.11,4.151,2024-10-14,2034-10-14,120,Current,0,IA,Purchase,Townhouse,596,0.4618,0.3165,Missing,2026-07-19T09:00:00Z,OriginationCore,AtlasLoanCare
LN-000717,BR-001924,Divya Kapoor,778378.32,428355.22,6.713,2024-11-24,2049-11-25,300,60-89 Days,77,MS,Purchase,Townhouse,706,0.8118,0.4482,Complete,2026-07-27T09:00:00Z,OriginationCore,ServicerX
LN-000718,BR-000389,Nisha Joshi,734630.36,617127.97,13.2,2024-12-13,2054-12-14,360,Current,0,KS,Refinance,MultiFamily,627,0.8015,0.2554,Complete,2026-07-10T09:00:00Z,OriginationCore,MeridianServicing
LN-000719,BR-000595,Riya Iyer,695909.58,511973.18,11.601,2023-06-01,2053-06-01,360,Current,0,SD,Purchase,Condo,626,0.4079,0.3721,Pending,2026-07-15T09:00:00Z,OriginationCore,ServicerX
LN-000720,BR-000770,Riya Malhotra,324152.52,247293.28,8.199,2021-12-15,2036-12-15,180,Current,0,NJ,CashOutRefi,Townhouse,610,0.8097,0.3794,Complete,2026-08-04T09:00:00Z,OriginationCore,MeridianServicing
LN-000721,BR-001870,Rahul Verma,266991.76,$118500,11.778,2024-04-25,2044-04-25,240,60-89 Days,68,CA,CashOutRefi,Townhouse,744,0.414,0.3402,Complete,2026-07-22T09:00:00Z,OriginationCore,MeridianServicing
LN-000722,BR-001854,Manav Kulkarni,517895.05,594762.72,14.32,2025-01-21,2035-01-21,120,Current,0,NC,Refinance,Townhouse,789,0.9177,0.4995,Complete,2026-08-07T09:00:00Z,OriginationCore,AtlasLoanCare
LN-000723,BR-000622,Riya Desai,218875.55,170997.15,9.038,2026-03-21,2041-03-21,180,30-59 Days,55,OH,CashOutRefi,Condo,757,0.9209,0.3358,Complete,2026-07-08T09:00:00Z,OriginationCore,ServicerX
LN-000724,BR-001737,Sneha Pillai,766752.97,473011.81,3.562,2023-11-14,2038-11-14,180,30-59 Days,42,ME,Construction,Townhouse,808,0.6621,0.2627,Complete,2026-07-18T09:00:00Z,OriginationCore,MeridianServicing
LN-000725,BR-000274,Arjun Sethi,263629.85,181141.75,4.613,2025-07-26,2035-07-26,120,Current,0,HI,Refinance,Townhouse,781,0.4877,0.2967,Complete,2026-07-11T09:00:00Z,OriginationCore,ServicerX
LN-000726,BR-001645,Rahul Menon,242359.31,0.0,13.86,2025-08-13,2045-08-13,240,Paid Off,0,IN,Construction,Condo,752,0.5515,0.2646,Complete,2026-08-18T09:00:00Z,OriginationCore,AtlasLoanCare
LN-000727,BR-001224,Rahul Kulkarni,705909.33,460365.63,11.543,2025-04-03,2045-04-03,240,Current,0,GA,Purchase,MultiFamily,804,0.5497,0.4958,Complete,2026-07-29T09:00:00Z,OriginationCore,MeridianServicing
LN-000728,BR-001996,Rohan Chauhan,412023.99,355286.1,9.013,2021-03-05,2031-03-05,120,Current,0,WA,CashOutRefi,Condo,802,0.8675,0.3231,Complete,2026-07-02T09:00:00Z,OriginationCore,MeridianServicing
LN-000729,BR-001130,Divya Desai,592350.92,398823.7,6.782,2025-10-08,2050-10-09,300,90+ Days,175,KY,CashOutRefi,SingleFamily,583,0.4556,0.4321,Complete,2026-07-11T09:00:00Z,OriginationCore,MeridianServicing
LN-000730,BR-001999,Siddharth Trivedi,615784.21,550268.25,12.63,2021-07-17,2036-07-17,180,Current,0,RI,Construction,SingleFamily,734,0.4593,0.4434,Complete,2026-07-12T09:00:00Z,OriginationCore,ServicerX
LN-000731,BR-001728,Nisha Iyer,149852.36,106201.62,51.417,2025-05-05,2055-05-06,360,30-59 Days,55,NH,Construction,SingleFamily,820,0.6193,0.4318,Complete,2026-07-14T09:00:00Z,OriginationCore,MeridianServicing
LN-000732,BR-001198,Manav Sharma,531890.5,513922.12,11.384,2023-12-26,2033-12-25,120,Current,0,MN,CashOutRefi,MultiFamily,643,0.5521,0.4243,Complete,2026-08-20T09:00:00Z,OriginationCore,AtlasLoanCare
LN-000733,BR-001644,Aditya Mehta,227973.87,180282.24,12.714,2024-08-09,2044-08-09,240,30-59 Days,57,CO,CashOutRefi,MultiFamily,737,0.696,0.4318,Missing,2026-08-06T09:00:00Z,OriginationCore,MeridianServicing
LN-000734,BR-002037,Vikram Malhotra,827045.62,602642.27,5.325,2025-04-09,2045-04-09,240,Current,0,MN,CashOutRefi,Townhouse,809,0.5988,0.2057,Complete,2026-07-18T09:00:00Z,OriginationCore,ServicerX
LN-000735,BR-002296,Rohan Kulkarni,544569.81,0.0,9.19,2024-04-11,2034-04-11,120,Paid Off,0,SC,Purchase,Condo,603,0.4498,0.3593,Pending,2026-07-13T09:00:00Z,OriginationCore,MeridianServicing
LN-000736,BR-000425,Rohan Trivedi,658504.89,477134.84,9.556,2024-10-08,2044-10-08,240,Current,0,MA,Refinance,Townhouse,791,0.4224,0.3418,Complete,2026-08-02T09:00:00Z,OriginationCore,MeridianServicing
LN-000737,BR-001804,Sneha Kapoor,240798.31,155639.76,3.143,2020-11-10,2030-11-10,120,Current,0,AK,Construction,Townhouse,686,0.706,0.4994,Complete,2026-08-12T09:00:00Z,OriginationCore,ServicerX
LN-000738,BR-001072,Aditya Pillai,583166.84,571980.35,7.96,2021-12-04,2051-12-05,360,Default,274,KS,CashOutRefi,MultiFamily,599,0.927,0.1971,Pending,2026-07-10T09:00:00Z,OriginationCore,AtlasLoanCare
LN-000739,BR-001949,Siddharth Verma,132128.2,0.0,4.205,2024-12-17,2039-12-18,180,Paid Off,0,WA,CashOutRefi,Condo,699,0.548,0.4428,Complete,2026-07-25T09:00:00Z,OriginationCore,MeridianServicing
LN-000740,BR-002294,Tara Kulkarni,104959.1,0.0,10.478,2021-07-07,2046-07-08,300,Closed,0,NM,Refinance,SingleFamily,754,0.5949,0.4842,Complete,2026-08-25T09:00:00Z,OriginationCore,MeridianServicing
LN-000741,BR-000882,Tara Joshi,416205.53,253334.73,9.192,2020-11-25,2030-11-25,120,30-59 Days,51,MD,CashOutRefi,Condo,725,0.8391,0.3278,Complete,2026-08-01T09:00:00Z,OriginationCore,AtlasLoanCare
LN-000742,BR-001468,Riya Reddy,783323.96,0.0,11.908,2022-11-17,2052-11-17,360,Closed,0,SC,Purchase,Townhouse,766,0.4887,0.2181,Missing,2026-08-23T09:00:00Z,OriginationCore,ServicerX
LN-000743,BR-000386,Nisha Menon,601995.96,362750.75,11.061,2026-01-28,2041-01-28,180,Current,0,NE,Construction,Townhouse,615,0.866,0.214,Complete,2026-08-21T09:00:00Z,OriginationCore,ServicerX
LN-000744,BR-001439,Meera Verma,474729.55,344951.88,8.195,2023-07-31,2048-07-31,300,Current,0,ND,CashOutRefi,SingleFamily,805,0.7334,0.4937,Complete,2026-08-12T09:00:00Z,OriginationCore,MeridianServicing
LN-000745,BR-000020,Ishita Malhotra,51469.56,0.0,6.522,2024-07-07,2034-07-07,120,Closed,0,CA,Refinance,Condo,742,0.7415,0.2136,Complete,2026-08-26T09:00:00Z,OriginationCore,MeridianServicing
LN-000746,BR-000728,Kavya Kapoor,559760.56,527424.41,12.365,2024-09-02,2034-09-02,120,Current,0,AK,Purchase,SingleFamily,786,0.9138,0.4773,,2026-07-12T09:00:00Z,OriginationCore,AtlasLoanCare
LN-000747,BR-001382,Tara Kulkarni,815196.01,664826.16,12.565,2024-07-12,2039-07-13,180,Current,191,DE,Purchase,MultiFamily,643,0.6011,0.2338,Pending,2026-07-18T09:00:00Z,OriginationCore,ServicerX
LN-000748,BR-000405,Kavya Nair,354573.2,0.0,10.63,2025-12-09,2050-12-10,300,Paid Off,0,ND,Construction,Condo,652,0.5762,0.3068,Complete,2026-07-27T09:00:00Z,OriginationCore,AtlasLoanCare
LN-000749,BR-001317,Siddharth Banerjee,419868.0,235330.57,10.011,2021-11-15,2046-11-16,300,Current,0,NY,CashOutRefi,SingleFamily,715,0.8572,0.2158,Complete,2026-08-20T09:00:00Z,OriginationCore,AtlasLoanCare
LN-000750,BR-001241,Nisha Bose,594792.56,466964.82,7.045,2024-06-17,2054-06-18,360,30-59 Days,47,AR,Construction,Condo,710,0.604,0.3947,Pending,2026-08-23T09:00:00Z,OriginationCore,ServicerX
LN-000751,BR-002029,Sneha Menon,808502.67,"1,25,000",10.365,2024-04-28,2049-04-29,300,30-59 Days,30,AZ,Construction,Condo,810,0.7792,0.4735,Complete,2026-08-13T09:00:00Z,OriginationCore,ServicerX
LN-000752,BR-001647,Arjun Kapoor,889022.67,634393.12,4.629,2024-06-02,2044-06-02,240,60-89 Days,67,SC,CashOutRefi,Townhouse,754,0.7138,0.4523,Complete,2026-07-04T09:00:00Z,OriginationCore,ServicerX
LN-000753,BR-000777,Dev Pillai,636739.07,466093.98,9.901,2021-10-25,2041-10-25,240,Current,0,AZ,Construction,Condo,749,0.7792,0.1747,Complete,2026-08-09T09:00:00Z,OriginationCore,ServicerX
LN-000754,BR-001632,Rohan Kulkarni,205854.78,198678.97,6.294,2025-08-29,2050-08-30,300,Current,0,CT,Purchase,Townhouse,790,0.8871,0.2207,Complete,2026-08-10T09:00:00Z,OriginationCore,MeridianServicing
LN-000755,BR-000937,Arjun Malhotra,490491.72,373107.59,5.122,2024-12-24,2039-12-25,180,Current,0,KS,Construction,MultiFamily,692,0.8061,0.3047,Complete,2026-08-19T09:00:00Z,OriginationCore,AtlasLoanCare
LN-000756,BR-000626,Ishita Pillai,703266.83,400337.09,13.601,2024-04-14,2054-04-15,360,30-59 Days,41,NJ,Refinance,SingleFamily,680,0.609,0.4814,Complete,2026-08-26T09:00:00Z,OriginationCore,ServicerX
LN-000757,BR-000285,Karan Trivedi,335505.33,188264.2,9.078,2024-03-23,2039-03-24,180,30-59 Days,47,HI,Refinance,MultiFamily,594,0.4613,0.1728,Complete,2026-07-29T09:00:00Z,OriginationCore,ServicerX
LN-000758,BR-000958,Priya Malhotra,665467.46,377259.63,3.039,2024-07-02,2054-07-03,360,Current,0,MO,Purchase,Condo,775,0.7456,0.3473,Complete,2026-08-20T09:00:00Z,OriginationCore,AtlasLoanCare
LN-000759,BR-000974,Dev Trivedi,290098.18,216951.47,5.875,2022-01-28,2047-01-29,300,Current,0,NM,Refinance,Townhouse,717,0.8837,0.2283,Complete,2026-07-10T09:00:00Z,OriginationCore,AtlasLoanCare
LN-000760,BR-001769,Rohan Kapoor,899269.41,640238.78,3.489,2022-01-18,2037-01-18,180,Default,286,VA,Refinance,Townhouse,612,0.8621,0.2735,Pending,2026-08-25T09:00:00Z,OriginationCore,MeridianServicing
LN-000761,BR-001384,Ishita Malhotra,673431.9,485487.06,4.531,2021-03-29,2046-03-30,300,Current,0,KS,Refinance,Condo,725,0.507,0.4558,Complete,2026-08-03T09:00:00Z,OriginationCore,AtlasLoanCare
LN-000762,BR-001258,Sneha Malhotra,515974.69,376461.1,4.625,2021-03-18,2041-03-18,240,30-59 Days,33,OH,Construction,MultiFamily,811,0.8581,0.4211,Complete,2026-07-16T09:00:00Z,OriginationCore,ServicerX
LN-000763,BR-001769,Vikram Gupta,337030.68,283188.9,3.274,2023-12-21,2038-12-21,180,Default,233,MO,Refinance,MultiFamily,770,0.7743,0.4192,Complete,2026-07-24T09:00:00Z,OriginationCore,AtlasLoanCare
LN-000764,BR-001994,Ishita Trivedi,399596.27,372397.05,13.73,2024-09-18,2039-09-19,180,Current,0,UT,Purchase,SingleFamily,601,0.4118,0.4721,Pending,2026-08-18T09:00:00Z,OriginationCore,MeridianServicing
LN-000765,BR-001260,Meera Rao,841828.25,738432.46,10.167,2022-11-22,2032-11-21,120,Current,0,PA,Construction,Townhouse,666,0.787,0.2514,Complete,2026-08-13T09:00:00Z,OriginationCore,AtlasLoanCare
LN-000766,BR-000649,Siddharth Kulkarni,188768.23,179424.55,10.23,2024-09-13,2039-09-14,180,Current,0,VT,Refinance,SingleFamily,749,0.92,0.4682,Complete,2026-07-31T09:00:00Z,OriginationCore,ServicerX
LN-000767,BR-001485,Tara Menon,451891.12,401071.79,9.577,2022-02-18,2037-02-18,180,Current,0,AK,Construction,MultiFamily,806,0.5869,0.1798,Complete,2026-07-20T09:00:00Z,OriginationCore,ServicerX
LN-000768,BR-000808,Ishita Joshi,625767.19,0.0,11.181,2023-01-15,2038-01-15,180,Paid Off,0,MN,Construction,SingleFamily,739,0.8901,0.2962,Complete,2026-08-19T09:00:00Z,OriginationCore,MeridianServicing
LN-000769,BR-002006,Ishita Mehta,884730.93,0.0,3.598,2023-04-07,2038-04-07,180,Paid Off,0,VT,CashOutRefi,MultiFamily,694,0.9479,0.2681,Complete,2026-08-25T09:00:00Z,OriginationCore,AtlasLoanCare
LN-000770,BR-000044,Riya Sharma,332981.03,310903.59,6.481,2025-07-04,2050-07-05,300,Current,0,NM,Construction,Townhouse,589,0.7824,0.2446,Complete,2026-07-18T09:00:00Z,OriginationCore,MeridianServicing
LN-000771,BR-001072,Siddharth Bose,396115.78,382203.7,8.622,2021-08-24,2051-08-25,360,Current,0,CO,Construction,SingleFamily,786,0.7664,0.2615,Complete,2026-07-11T09:00:00Z,OriginationCore,ServicerX
LN-000772,BR-000267,Ananya Menon,735292.66,428486.24,12.217,2024-12-18,2034-12-18,120,Current,0,CA,Purchase,SingleFamily,768,0.8438,0.4546,Complete,2026-08-03T09:00:00Z,OriginationCore,ServicerX
LN-000773,BR-000500,Arjun Kapoor,586352.48,494044.62,5.294,2021-03-28,2051-03-29,360,Current,0,ID,Purchase,SingleFamily,580,0.6381,0.39,Complete,2026-07-18T09:00:00Z,OriginationCore,AtlasLoanCare
LN-000774,BR-002029,Aman Mehta,322344.21,244807.34,8.396,2022-01-25,2032-01-25,120,Current,0,NH,Refinance,SingleFamily,600,0.4967,0.2192,Complete,2026-08-14T09:00:00Z,OriginationCore,AtlasLoanCare
LN-000775,BR-001317,Karan Mehta,644971.97,376239.94,7.539,2024-04-13,2054-04-14,360,30-59 Days,56,PA,CashOutRefi,Townhouse,709,0.7523,0.2264,Complete,2026-08-15T09:00:00Z,OriginationCore,MeridianServicing
LN-000776,BR-001153,Vikram Nair,606615.84,0.0,3.709,2026-04-30,2041-04-30,180,Closed,0,MN,Purchase,Townhouse,600,0.7707,0.4645,Complete,2026-08-10T09:00:00Z,OriginationCore,AtlasLoanCare
LN-000777,BR-000270,Riya Pillai,549917.83,0.0,11.362,2022-11-01,2032-10-31,120,Paid Off,0,NH,CashOutRefi,Townhouse,674,0.6748,0.4172,Complete,2026-08-03T09:00:00Z,OriginationCore,AtlasLoanCare
LN-000778,BR-001891,Ishita Malhotra,549144.76,387297.4,8.332,2023-11-06,2038-11-06,180,Current,0,NH,Refinance,Condo,768,0.8128,0.2969,Complete,2026-07-28T09:00:00Z,OriginationCore,ServicerX
LN-000779,BR-001780,Vikram Kapoor,891297.81,646854.07,9.819,2022-02-16,2042-02-16,240,Current,0,IN,Purchase,SingleFamily,680,0.6598,0.2448,Complete,2026-08-26T09:00:00Z,OriginationCore,MeridianServicing
LN-000780,BR-001138,Karan Bose,307993.81,0.0,8.595,2024-08-18,2049-08-19,300,Paid Off,0,NV,Construction,Condo,704,0.933,0.1709,Missing,2026-07-22T09:00:00Z,OriginationCore,ServicerX
LN-000781,BR-000887,Manav Banerjee,566645.0,440994.64,3.149,2021-01-22,2041-01-22,240,Current,0,SD,Refinance,MultiFamily,741,0.5708,0.3665,Complete,2026-07-26T09:00:00Z,OriginationCore,AtlasLoanCare
LN-000782,BR-001514,Riya Banerjee,339932.65,289944.32,3.726,2023-03-31,2038-03-31,180,Current,0,MS,Construction,Condo,633,0.9195,0.3909,Pending,2026-08-18T09:00:00Z,OriginationCore,MeridianServicing
LN-000783,BR-000521,Ishita Menon,521746.39,362961.6,14.168,2023-04-05,2048-04-05,300,Current,0,VA,Refinance,Condo,705,0.7098,0.4617,Complete,2026-08-14T09:00:00Z,OriginationCore,ServicerX
LN-000784,BR-001090,Meera Gupta,580065.95,-19277.31,7.48,2024-09-28,2049-09-29,300,Current,0,WY,CashOutRefi,Condo,673,0.8663,0.1707,Complete,2026-07-19T09:00:00Z,OriginationCore,AtlasLoanCare
LN-000785,BR-001118,Ishita Banerjee,352743.46,281216.35,14.331,2022-09-26,2032-09-25,120,Current,0,TN,Refinance,SingleFamily,655,0.8034,0.4074,Complete,2026-07-07T09:00:00Z,OriginationCore,AtlasLoanCare
LN-000786,BR-001222,Divya Bose,722102.91,657242.24,4.657,2023-08-16,2043-08-16,240,Current,0,AK,Construction,SingleFamily,674,0.6557,0.4684,Complete,2026-08-26T09:00:00Z,OriginationCore,AtlasLoanCare
LN-000787,BR-001868,Divya Bose,,331422.88,11.122,2024-08-24,2049-08-25,300,30-59 Days,44,ME,Refinance,Condo,662,0.9259,0.1934,Pending,2026-08-09T09:00:00Z,OriginationCore,AtlasLoanCare
LN-000788,BR-001779,Ishita Malhotra,170489.92,-35570.18,5.047,2022-04-09,2047-04-10,300,90+ Days,168,WI,Purchase,MultiFamily,662,0.7111,0.349,Pending,2026-08-25T09:00:00Z,OriginationCore,ServicerX
LN-000789,BR-000670,Karan Nair,104296.22,64318.52,11.679,2020-11-01,2035-11-02,180,Current,0,MI,Purchase,Townhouse,667,0.813,0.3224,Complete,2026-07-24T09:00:00Z,OriginationCore,AtlasLoanCare
LN-000790,BR-001838,Vikram Reddy,640398.62,377430.73,11.772,2021-12-19,2046-12-20,300,Current,0,IA,Refinance,SingleFamily,745,0.7759,0.1585,Complete,2026-08-13T09:00:00Z,OriginationCore,AtlasLoanCare
LN-000791,BR-000564,Kavya Verma,86035.61,56127.3,6.714,2021-01-14,2036-01-15,180,Current,0,AK,CashOutRefi,Townhouse,586,0.7683,0.394,Complete,2026-08-17T09:00:00Z,OriginationCore,ServicerX
LN-000792,BR-000331,Riya Rao,227511.12,125847.1,8.855,2026-01-01,2041-01-01,180,Current,0,MT,Refinance,Condo,717,0.404,0.3697,Complete,2026-07-13T09:00:00Z,OriginationCore,MeridianServicing
LN-000793,BR-001050,Ishita Bose,484247.68,309287.93,6.761,2022-03-17,2052-03-17,360,Current,0,MT,Purchase,MultiFamily,695,0.4158,0.3612,Complete,2026-07-19T09:00:00Z,OriginationCore,AtlasLoanCare
LN-000794,BR-000843,Sneha Menon,207107.23,187233.17,11.461,2024-02-10,2049-02-10,300,Current,0,VT,Refinance,MultiFamily,672,0.6551,0.3767,Complete,2026-07-10T09:00:00Z,OriginationCore,MeridianServicing
LN-000795,BR-001368,Sneha Banerjee,70240.65,64271.48,13.888,2020-09-03,2035-09-04,180,Current,0,WA,CashOutRefi,Townhouse,680,0.731,0.2078,Complete,2026-07-02T09:00:00Z,OriginationCore,AtlasLoanCare
LN-000796,BR-000440,Priya Sharma,725752.7,698640.81,10.122,2023-03-17,2053-03-17,360,90+ Days,0,LA,Purchase,MultiFamily,693,0.6098,0.3488,Complete,2026-08-22T09:00:00Z,OriginationCore,ServicerX
LN-000797,BR-001528,Meera Pillai,598906.3,697835.97,7.801,2023-12-29,2043-12-29,240,Current,0,MD,Purchase,SingleFamily,657,0.478,0.3099,Pending,2026-07-10T09:00:00Z,OriginationCore,ServicerX
LN-000798,BR-000059,Rahul Nair,798246.98,0.0,11.335,2026-01-24,2036-01-24,120,Paid Off,0,PA,CashOutRefi,MultiFamily,585,0.7866,0.3179,Complete,2026-08-15T09:00:00Z,OriginationCore,ServicerX
LN-000799,BR-001908,Manav Mehta,387908.09,219692.1,14.188,2025-09-04,2040-09-04,180,Current,0,TX,Purchase,MultiFamily,761,0.5549,0.3177,Pending,2026-07-30T09:00:00Z,OriginationCore,ServicerX
LN-000800,BR-000181,Riya Sethi,249595.73,137491.65,9.428,2024-04-18,2044-04-18,240,Current,0,IA,Purchase,MultiFamily,673,0.4486,0.2786,Pending,2026-07-16T09:00:00Z,OriginationCore,AtlasLoanCare
LN-000801,BR-001314,Aditya Sethi,-609811.14,483245.2,5.001,2022-03-22,2037-03-22,180,Current,0,MS,Construction,MultiFamily,776,0.5608,0.435,Complete,2026-08-17T09:00:00Z,OriginationCore,MeridianServicing
LN-000802,BR-001364,Aditya Gupta,356279.52,290348.87,8.184,2021-10-31,2051-11-01,360,Current,0,AZ,CashOutRefi,Condo,733,0.5879,0.3714,Complete,2026-08-18T09:00:00Z,OriginationCore,AtlasLoanCare
LN-000803,BR-002054,Siddharth Iyer,750982.68,685132.83,8.975,2024-02-05,2039-02-05,180,Current,0,KY,Refinance,Condo,755,0.7904,0.2672,Complete,2026-08-19T09:00:00Z,OriginationCore,AtlasLoanCare
LN-000804,BR-001672,Rahul Chauhan,494652.87,319739.37,10.365,2021-12-23,2041-12-23,240,60-89 Days,74,GA,Refinance,SingleFamily,808,0.8365,0.3266,Complete,2026-08-04T09:00:00Z,OriginationCore,ServicerX
LN-000805,BR-000396,Sneha Sharma,255558.35,233350.86,3.187,2022-12-20,2032-12-19,120,Current,0,DE,Refinance,Condo,791,0.8268,0.175,Complete,2026-07-23T09:00:00Z,OriginationCore,ServicerX
LN-000806,BR-001589,Aditya Bose,612347.29,497793.51,6.494,2022-05-25,2047-05-26,300,Current,0,SD,Purchase,Townhouse,588,0.675,0.273,Complete,2026-08-05T09:00:00Z,OriginationCore,MeridianServicing
LN-000807,BR-002009,Priya Malhotra,409296.42,383707.1,3.445,2025-04-22,2050-04-23,300,Current,0,WI,Purchase,Townhouse,644,0.6991,0.179,Complete,2026-07-14T09:00:00Z,OriginationCore,AtlasLoanCare
LN-000808,BR-000141,Ishita Joshi,372873.45,304111.05,9.355,2021-04-22,2031-04-22,120,Current,0,IN,Construction,SingleFamily,582,0.7761,0.3577,Complete,2026-07-27T09:00:00Z,OriginationCore,ServicerX
LN-000809,BR-001590,Siddharth Iyer,108734.67,72948.58,5.912,2021-06-03,2051-06-04,360,Current,0,VT,Construction,Condo,810,0.6484,0.4487,Complete,2026-07-21T09:00:00Z,OriginationCore,AtlasLoanCare
LN-000810,BR-001975,Dev Chauhan,143223.39,131542.77,3.065,2021-08-15,2019-06-25,240,Current,0,WY,Construction,SingleFamily,657,0.5005,0.269,Complete,2026-08-14T09:00:00Z,OriginationCore,MeridianServicing
LN-000811,BR-000416,Vikram Kapoor,737155.73,0.0,4.518,2021-06-02,2036-06-02,180,Paid Off,0,NH,Construction,MultiFamily,783,0.7844,0.1572,Complete,2026-08-19T09:00:00Z,OriginationCore,AtlasLoanCare
LN-000812,BR-001730,Meera Nair,405830.9,301113.58,4.003,2025-03-19,2045-03-19,240,Current,0,NM,Construction,Condo,812,0.9103,0.1981,Complete,2026-07-13T09:00:00Z,OriginationCore,ServicerX
LN-000813,BR-002283,Divya Banerjee,614944.81,607853.88,3.768,2024-04-23,2054-04-24,360,Current,0,PA,Construction,SingleFamily,723,0.4219,0.2209,Complete,2026-08-03T09:00:00Z,OriginationCore,AtlasLoanCare
LN-000814,BR-001090,Riya Desai,366079.78,203303.43,3.102,2026-04-13,2051-04-14,300,Current,0,MA,Refinance,Townhouse,785,0.5175,0.3824,Complete,2026-07-24T09:00:00Z,OriginationCore,ServicerX
LN-000815,BR-000291,Ananya Kapoor,379678.91,299269.46,12.865,2024-06-21,2034-06-21,120,Current,0,WI,Purchase,Townhouse,711,0.9444,0.1754,Complete,2026-07-06T09:00:00Z,OriginationCore,AtlasLoanCare
LN-000816,BR-001769,Arjun Verma,846967.27,1041062.74,11.977,2022-05-08,2047-05-09,300,60-89 Days,60,IL,CashOutRefi,Townhouse,695,0.7335,0.4534,Complete,2026-07-09T09:00:00Z,OriginationCore,ServicerX
LN-000817,BR-000989,Aman Desai,805432.52,710705.02,6.308,2020-09-09,2045-09-10,300,Current,0,NV,Purchase,Townhouse,596,0.7089,0.3966,Complete,2026-08-16T09:00:00Z,OriginationCore,AtlasLoanCare
LN-000818,BR-001244,Siddharth Trivedi,285781.02,238933.91,6.762,2022-04-06,2032-04-05,120,Current,0,NM,Construction,Townhouse,773,0.8791,0.391,Complete,2026-08-05T09:00:00Z,OriginationCore,AtlasLoanCare
LN-000819,BR-002183,Kavya Trivedi,448928.89,343635.87,10.261,2024-11-12,2054-11-13,360,Current,0,SD,CashOutRefi,MultiFamily,803,0.5589,0.3297,Complete,2026-08-05T09:00:00Z,OriginationCore,MeridianServicing
LN-000820,BR-001686,Divya Pillai,346236.23,316225.68,9.874,2024-04-05,2039-04-06,180,Current,0,WY,Refinance,MultiFamily,628,0.7779,0.2765,Complete,2026-07-24T09:00:00Z,OriginationCore,MeridianServicing
LN-000821,BR-001012,Sneha Trivedi,544486.67,473061.34,12.084,2021-03-20,2036-03-20,180,Current,0,ID,Construction,MultiFamily,642,0.6154,0.401,Pending,2026-08-08T09:00:00Z,OriginationCore,MeridianServicing
LN-000822,BR-002256,Nisha Sharma,174388.93,115291.26,3.765,2022-07-30,2052-07-30,360,Current,0,NY,Construction,MultiFamily,710,0.7121,0.2197,Complete,2026-08-02T09:00:00Z,OriginationCore,MeridianServicing
LN-000823,BR-000504,Aditya Iyer,454912.93,274110.38,3.472,2025-03-12,2050-03-13,300,Current,0,LA,Purchase,MultiFamily,612,0.8311,0.474,Complete,2026-08-15T09:00:00Z,OriginationCore,ServicerX
LN-000824,BR-001165,Manav Chauhan,58377.68,48145.15,5.651,2025-09-25,2035-09-25,120,Current,0,OK,CashOutRefi,Condo,618,0.4126,0.3544,Complete,2026-08-09T09:00:00Z,OriginationCore,ServicerX
LN-000825,BR-001105,Dev Reddy,510454.58,316774.91,4.1,2024-02-16,2049-02-16,300,Current,0,IA,Refinance,Townhouse,736,0.4911,0.2107,Complete,2026-07-21T09:00:00Z,OriginationCore,ServicerX
LN-000826,BR-001584,Tara Bose,620487.36,576304.88,5.67,2023-09-23,2033-09-22,120,Current,0,NE,Construction,Townhouse,618,0.8065,0.2846,Complete,2026-07-03T09:00:00Z,OriginationCore,MeridianServicing
LN-000827,BR-001403,Ishita Sharma,224359.45,166503.01,8.739,2023-05-12,2033-05-11,120,Current,0,NH,Refinance,MultiFamily,616,0.7869,0.3603,Complete,2026-07-24T09:00:00Z,OriginationCore,MeridianServicing
LN-000828,BR-001191,Karan Malhotra,226061.27,164627.99,9.905,2021-11-16,2036-11-16,180,Current,0,AK,Refinance,SingleFamily,695,0.7922,0.1577,Complete,2026-08-11T09:00:00Z,OriginationCore,MeridianServicing
LN-000829,BR-001792,Divya Rao,467313.85,443968.13,5.628,2026-03-06,2051-03-07,300,30-59 Days,41,KY,Construction,Condo,623,0.5205,0.3549,Complete,2026-08-21T09:00:00Z,OriginationCore,AtlasLoanCare
LN-000830,BR-000651,Meera Trivedi,882287.27,780570.58,10.996,2025-12-31,2040-12-31,180,Current,0,KY,Purchase,MultiFamily,695,0.482,0.1996,Complete,2026-08-21T09:00:00Z,OriginationCore,ServicerX
LN-000831,BR-000214,Riya Mehta,314858.59,205287.45,6.315,2021-10-24,2036-10-24,180,Current,0,NV,Refinance,Condo,584,0.8443,0.2184,Complete,2026-08-21T09:00:00Z,OriginationCore,ServicerX
LN-000832,BR-002267,Aditya Mehta,744696.3,450258.58,4.756,2023-05-22,2033-05-21,120,Current,0,KS,Purchase,MultiFamily,798,0.4945,0.2453,Pending,2026-07-28T09:00:00Z,OriginationCore,AtlasLoanCare
LN-000833,BR-000542,Karan Trivedi,384734.82,291009.35,12.594,2025-10-08,2055-10-09,360,Default,0,NJ,Refinance,Townhouse,624,0.7906,0.3997,Complete,2026-07-03T09:00:00Z,OriginationCore,AtlasLoanCare
LN-000834,BR-002007,Nisha Kulkarni,885427.85,598876.04,9.227,2025-08-27,2035-08-27,120,Current,0,ND,Construction,MultiFamily,781,0.733,0.4014,Complete,2026-07-24T09:00:00Z,OriginationCore,MeridianServicing
LN-000835,BR-000848,Meera Trivedi,191861.2,116180.69,14.439,2021-11-01,2051-11-02,360,90+ Days,128,DE,Construction,Townhouse,676,0.5647,0.1584,Complete,2026-08-24T09:00:00Z,OriginationCore,ServicerX
LN-000836,BR-000573,Rohan Malhotra,708811.25,530172.24,5.812,2021-07-10,2036-07-10,180,30-59 Days,30,IA,Construction,MultiFamily,704,0.6196,0.3995,Complete,2026-07-20T09:00:00Z,OriginationCore,ServicerX
LN-000837,BR-000415,Rohan Rao,403430.02,390116.5,3.611,2024-12-10,2049-12-11,300,Current,0,MO,Construction,SingleFamily,733,0.5617,0.4374,Complete,2026-07-17T09:00:00Z,OriginationCore,ServicerX
LN-000838,BR-000046,Rahul Kapoor,349610.07,334113.09,11.56,2025-08-24,2050-08-25,300,Current,0,AR,Purchase,Condo,741,0.6866,0.1584,Complete,2026-08-16T09:00:00Z,OriginationCore,AtlasLoanCare
LN-000839,BR-002399,Rahul Gupta,578506.77,331139.12,11.723,2022-07-07,2047-07-08,300,Current,0,WI,Purchase,SingleFamily,619,0.9131,0.2823,Complete,2026-07-24T09:00:00Z,OriginationCore,MeridianServicing
LN-000840,BR-001573,Divya Malhotra,170879.56,0.0,5.533,2024-10-16,2044-10-16,240,Paid Off,0,MD,Purchase,Condo,629,0.6301,0.2178,Complete,2026-08-21T09:00:00Z,OriginationCore,ServicerX
LN-000841,BR-000154,Divya Banerjee,891862.35,879422.35,12.051,2023-07-18,2048-07-18,300,Current,0,NJ,Refinance,Townhouse,609,0.444,0.3109,Pending,2026-08-16T09:00:00Z,OriginationCore,AtlasLoanCare
LN-000842,BR-001355,Ishita Desai,862318.16,686207.08,4.789,2021-02-23,2041-02-23,240,Current,0,RI,Refinance,Condo,788,0.4122,0.3192,Complete,2026-07-05T09:00:00Z,OriginationCore,AtlasLoanCare
LN-000843,BR-001231,Divya Reddy,876846.97,0.0,12.477,2020-10-23,2040-10-23,240,Closed,0,IA,Refinance,Townhouse,811,0.4843,0.1845,Complete,2026-08-23T09:00:00Z,OriginationCore,MeridianServicing
LN-000844,BR-001971,Meera Verma,406397.8,238025.91,13.65,2021-12-03,2046-12-04,300,Current,0,NV,Construction,Townhouse,619,0.6278,0.4924,Complete,2026-08-16T09:00:00Z,OriginationCore,MeridianServicing
LN-000845,BR-000877,Nisha Sethi,250329.97,191857.58,12.769,2022-12-14,2032-12-13,120,Default,254,KS,Refinance,MultiFamily,620,0.7289,0.3577,Pending,2026-08-01T09:00:00Z,OriginationCore,ServicerX
LN-000846,BR-000379,Ananya Iyer,726765.15,572518.69,3.024,2025-06-25,2035-06-25,120,Current,0,AZ,Refinance,MultiFamily,795,0.6017,0.39,Pending,2026-07-26T09:00:00Z,OriginationCore,MeridianServicing
LN-000847,BR-002388,Meera Iyer,84365.36,58656.06,10.065,2025-06-04,2055-06-05,360,Default,391,IL,Refinance,Townhouse,790,0.9464,0.1876,Complete,2026-08-24T09:00:00Z,OriginationCore,AtlasLoanCare
LN-000848,BR-001065,Vikram Desai,757031.88,437999.5,4.105,2025-08-08,2055-08-09,360,Current,0,VT,CashOutRefi,SingleFamily,680,0.8687,0.3828,Complete,2026-07-19T09:00:00Z,OriginationCore,MeridianServicing
LN-000849,BR-000964,Rohan Verma,310438.95,282015.39,5.421,2020-09-12,2040-09-12,240,Current,0,GA,Refinance,SingleFamily,600,0.4323,0.4563,Complete,2026-07-31T09:00:00Z,OriginationCore,MeridianServicing
LN-000850,BR-002373,Karan Banerjee,664354.27,462656.59,8.006,2024-09-24,2039-09-25,180,Current,0,TN,CashOutRefi,Condo,809,0.6603,0.1618,Complete,2026-08-06T09:00:00Z,OriginationCore,ServicerX
LN-000851,BR-000765,Dev Gupta,91575.36,82747.13,10.571,2025-08-31,2045-08-31,240,90+ Days,140,VA,CashOutRefi,Townhouse,614,0.8487,0.4108,Complete,2026-08-02T09:00:00Z,OriginationCore,AtlasLoanCare
LN-000852,BR-000382,Dev Verma,56322.9,54626.87,4.704,2024-05-05,2044-05-05,240,60-89 Days,88,FL,Refinance,Townhouse,651,0.899,0.4023,Complete,2026-07-31T09:00:00Z,OriginationCore,ServicerX
LN-000853,BR-002053,Sneha Bose,730177.33,402476.97,4.7,2022-07-24,2042-07-24,240,Current,0,ND,Construction,Condo,691,0.8233,0.4059,Complete,2026-07-27T09:00:00Z,OriginationCore,AtlasLoanCare
LN-000854,BR-000074,Manav Menon,507973.41,289334.55,10.211,2023-02-25,2053-02-25,360,30-59 Days,55,CA,Construction,Townhouse,817,0.6549,0.4595,Complete,2026-08-05T09:00:00Z,OriginationCore,MeridianServicing
LN-000855,BR-000940,Riya Pillai,431880.64,361442.66,7.54,2023-11-28,2053-11-28,360,Current,0,ND,Refinance,SingleFamily,636,0.9236,0.3072,Complete,2026-08-24T09:00:00Z,OriginationCore,MeridianServicing
LN-000856,BR-001708,Priya Desai,732032.5,664939.42,12.988,2025-07-21,2035-07-21,120,Current,0,WY,Purchase,Townhouse,728,0.5174,0.3815,Complete,2026-07-23T09:00:00Z,OriginationCore,ServicerX
LN-000857,BR-000059,Manav Nair,526641.51,415956.12,6.781,2022-01-16,2037-01-16,180,Current,0,NM,Purchase,SingleFamily,613,0.9121,0.4059,Complete,2026-08-14T09:00:00Z,OriginationCore,MeridianServicing
LN-000858,BR-000400,Rohan Joshi,187582.25,163352.47,14.476,2021-09-29,2041-09-29,240,Current,0,CA,Refinance,SingleFamily,798,0.9154,0.4838,Complete,2026-08-03T09:00:00Z,OriginationCore,MeridianServicing
LN-000859,BR-002190,Tara Desai,700165.25,539269.9,4.404,31/07/2024,2040-02-19,180,Current,0,CO,CashOutRefi,SingleFamily,670,0.497,0.4323,Complete,2026-07-04T09:00:00Z,OriginationCore,MeridianServicing
LN-000860,BR-002191,Sneha Banerjee,893304.53,625781.73,14.398,2025-06-09,2035-06-09,120,Current,0,AK,CashOutRefi,Townhouse,782,0.8162,0.1862,Complete,2026-07-24T09:00:00Z,OriginationCore,MeridianServicing
LN-000861,BR-000275,Karan Banerjee,211622.13,188412.24,9.411,2024-07-11,2039-07-12,180,Current,0,MO,CashOutRefi,MultiFamily,630,0.895,0.1627,Complete,2026-07-10T09:00:00Z,OriginationCore,AtlasLoanCare
LN-000862,BR-001388,Manav Sharma,889513.04,0.0,14.15,2026-03-19,2046-03-19,240,Paid Off,0,CO,Refinance,SingleFamily,732,0.6863,0.4181,Complete,2026-07-16T09:00:00Z,OriginationCore,MeridianServicing
LN-000863,BR-001299,Karan Joshi,151790.09,135989.4,9.176,2022-08-02,2047-08-03,300,60-89 Days,73,ME,Purchase,SingleFamily,594,0.9165,0.3827,Missing,2026-07-17T09:00:00Z,OriginationCore,AtlasLoanCare
LN-000864,BR-002175,Aditya Nair,899388.63,830931.02,8.73,2022-02-24,2042-02-24,240,Current,0,NE,Purchase,SingleFamily,652,0.5803,0.3991,Pending,2026-08-22T09:00:00Z,OriginationCore,AtlasLoanCare
LN-000865,BR-001304,Rahul Mehta,358152.34,238618.26,9.629,2025-04-13,2055-04-14,360,Current,0,IA,Purchase,MultiFamily,659,0.8628,0.3426,Complete,2026-08-05T09:00:00Z,OriginationCore,ServicerX
LN-000866,BR-000167,Rohan Sethi,820371.5,487457.95,4.069,2023-01-27,2053-01-27,360,Current,0,LA,Purchase,Condo,597,0.4519,0.4806,Complete,2026-08-01T09:00:00Z,OriginationCore,MeridianServicing
LN-000867,BR-002299,Karan Nair,738075.49,440654.69,6.842,2021-02-22,2031-02-22,120,Current,0,TN,Purchase,SingleFamily,700,0.5201,0.3979,Complete,2026-08-16T09:00:00Z,OriginationCore,AtlasLoanCare
LN-000868,BR-002363,Sneha Banerjee,891199.82,695233.05,9.297,2023-09-24,2053-09-24,360,Current,0,NV,Refinance,Townhouse,629,0.8538,0.2524,Complete,2026-08-09T09:00:00Z,OriginationCore,AtlasLoanCare
LN-000869,BR-001722,Divya Trivedi,278956.2,262612.1,8.723,2023-03-07,2048-03-07,300,Current,0,MT,Refinance,MultiFamily,756,0.4705,0.2145,Complete,2026-07-12T09:00:00Z,OriginationCore,ServicerX
LN-000870,BR-000296,Nisha Kapoor,654407.96,431908.09,14.1,2024-12-02,2039-12-03,180,Current,0,DE,Purchase,Condo,763,0.4609,0.3937,Complete,2026-08-24T09:00:00Z,OriginationCore,MeridianServicing
LN-000871,BR-001511,Ishita Sethi,172726.14,154704.39,7.355,2021-05-23,2036-05-23,180,N/A,46,UT,CashOutRefi,Townhouse,749,0.5109,0.3723,Complete,2026-07-02T09:00:00Z,OriginationCore,MeridianServicing
LN-000872,BR-000201,Divya Sharma,466426.33,0.0,7.983,2023-09-07,2038-09-07,180,Paid Off,0,AR,Purchase,Townhouse,714,0.559,0.2947,Pending,2026-07-30T09:00:00Z,OriginationCore,ServicerX
LN-000873,BR-002170,Meera Menon,200501.07,152024.51,8.226,2023-04-10,2043-04-10,240,30-59 Days,39,TN,Refinance,Townhouse,631,0.7786,0.2465,Complete,2026-07-09T09:00:00Z,OriginationCore,MeridianServicing
LN-000874,BR-000961,Dev Malhotra,458297.74,278981.49,5.517,2024-08-09,2044-08-09,240,Current,0,DE,CashOutRefi,MultiFamily,713,0.5401,0.1846,Pending,2026-07-08T09:00:00Z,OriginationCore,AtlasLoanCare
LN-000875,BR-001159,Divya Chauhan,67254.63,63173.34,11.714,2021-11-17,2041-11-17,240,Current,0,SD,Construction,SingleFamily,618,0.9272,0.2646,Complete,2026-08-11T09:00:00Z,OriginationCore,AtlasLoanCare
LN-000876,BR-001741,Divya Pillai,51241.44,30628.3,9.741,2022-07-31,2047-08-01,300,Current,0,TX,CashOutRefi,SingleFamily,677,0.6595,0.2187,Complete,2026-08-07T09:00:00Z,OriginationCore,ServicerX
LN-000877,BR-001765,Siddharth Sharma,450676.26,313990.13,10.932,2022-05-28,2042-05-28,240,Current,0,OR,Refinance,Condo,685,0.8766,0.2217,Complete,2026-08-12T09:00:00Z,OriginationCore,AtlasLoanCare
LN-000878,BR-000556,Karan Bose,628816.64,0.0,5.512,2025-04-03,2035-04-03,120,Closed,0,AZ,CashOutRefi,SingleFamily,815,0.7231,0.1921,Complete,2026-07-29T09:00:00Z,OriginationCore,AtlasLoanCare
LN-000879,BR-000487,Meera Pillai,129460.52,0.0,12.098,2024-01-23,2049-01-23,300,Paid Off,0,AZ,Construction,MultiFamily,718,0.4919,0.4151,Complete,2026-07-18T09:00:00Z,OriginationCore,MeridianServicing
LN-000880,BR-002358,Divya Sharma,804348.03,620657.62,7.912,2021-10-15,2036-10-15,180,Current,0,MN,Construction,Condo,586,0.8064,0.4932,Complete,2026-08-12T09:00:00Z,OriginationCore,AtlasLoanCare
LN-000881,BR-000735,Sneha Bose,196258.0,171625.46,5.273,2024-03-31,2044-03-31,240,Current,0,NJ,Purchase,Townhouse,637,0.7403,0.161,Complete,2026-07-11T09:00:00Z,OriginationCore,AtlasLoanCare
LN-000882,BR-001769,Ananya Nair,583060.98,397543.34,12.587,2022-04-18,2037-04-18,180,Default,221,NM,Construction,SingleFamily,623,0.606,0.3366,Complete,2026-07-14T09:00:00Z,OriginationCore,MeridianServicing
LN-000883,BR-001781,Karan Mehta,699754.93,432200.46,6.061,2025-06-15,2035-06-15,120,Current,0,NH,Refinance,Condo,694,0.6337,0.3638,Complete,2026-08-20T09:00:00Z,OriginationCore,MeridianServicing
LN-000884,BR-000083,Sneha Malhotra,565339.12,0.0,6.399,2023-06-28,2043-06-28,240,Paid Off,0,CO,Purchase,Condo,810,0.4296,0.408,Complete,2026-07-06T09:00:00Z,OriginationCore,ServicerX
LN-000885,BR-000554,Arjun Desai,385415.99,332798.05,5.068,2021-01-11,2051-01-12,360,Current,0,FL,Refinance,SingleFamily,710,0.8721,0.3403,Complete,2026-07-05T09:00:00Z,OriginationCore,AtlasLoanCare
LN-000886,BR-002249,Ananya Mehta,338245.16,224679.22,3.506,2025-06-20,2055-06-21,360,Current,0,IN,Refinance,Condo,758,0.7499,0.3313,Complete,2026-08-05T09:00:00Z,OriginationCore,ServicerX
LN-000887,BR-001384,Priya Iyer,677079.94,421441.12,11.803,2025-07-04,2050-07-05,300,Current,0,WY,Purchase,SingleFamily,601,0.5774,0.4151,Pending,2026-08-09T09:00:00Z,OriginationCore,AtlasLoanCare
LN-000888,BR-002208,Aditya Iyer,634762.94,574056.9,12.056,2025-06-24,2035-06-24,120,Current,0,WA,Refinance,MultiFamily,660,0.6085,0.1903,Pending,2026-07-29T09:00:00Z,OriginationCore,AtlasLoanCare
LN-000889,BR-002361,Siddharth Banerjee,271683.46,246584.52,6.303,2023-02-17,2043-02-17,240,Current,0,GA,Refinance,MultiFamily,708,0.7419,0.1649,Complete,2026-07-19T09:00:00Z,OriginationCore,ServicerX
LN-000890,BR-001071,Karan Malhotra,447215.86,255581.8,6.972,2021-07-13,2051-07-14,360,Current,0,CO,CashOutRefi,MultiFamily,715,0.4825,0.2822,Complete,2026-07-15T09:00:00Z,OriginationCore,MeridianServicing
LN-000891,BR-000201,Aditya Joshi,484930.19,0.0,12.448,2023-05-21,2038-05-21,180,Closed,0,WA,Purchase,SingleFamily,740,0.6584,0.2924,Complete,2026-08-03T09:00:00Z,OriginationCore,AtlasLoanCare
LN-000892,BR-002154,Vikram Kapoor,575377.44,320759.99,3.742,2021-03-31,2051-04-01,360,60-89 Days,68,AR,Purchase,Townhouse,644,0.8592,0.1935,Complete,2026-07-18T09:00:00Z,OriginationCore,AtlasLoanCare
LN-000893,BR-002243,Dev Banerjee,581741.65,539307.16,13.125,2023-06-22,2033-06-21,120,Current,0,ND,Refinance,Townhouse,763,0.8201,0.3349,Complete,2026-08-15T09:00:00Z,OriginationCore,MeridianServicing
LN-000894,BR-001209,Vikram Desai,622049.82,451630.79,9.571,2024-09-01,2039-09-02,180,Current,0,NE,CashOutRefi,Condo,585,0.5335,0.2969,Complete,2026-07-14T09:00:00Z,OriginationCore,MeridianServicing
LN-000895,BR-001893,Arjun Malhotra,231793.17,206863.75,83.719,2021-07-29,2051-07-30,360,Current,0,HI,CashOutRefi,MultiFamily,773,0.5598,0.4557,Complete,2026-08-21T09:00:00Z,OriginationCore,ServicerX
LN-000896,BR-000096,Meera Banerjee,511948.83,324747.42,7.339,2022-08-05,2042-08-05,240,Current,0,LA,CashOutRefi,SingleFamily,777,0.5242,0.1881,Complete,2026-07-02T09:00:00Z,OriginationCore,AtlasLoanCare
LN-000897,BR-001908,Aman Iyer,755853.29,657001.02,10.747,2024-05-28,2054-05-29,360,Current,0,AZ,CashOutRefi,SingleFamily,798,0.5603,0.2216,Complete,2026-08-18T09:00:00Z,OriginationCore,MeridianServicing
LN-000898,BR-000909,Ananya Reddy,549053.32,331496.09,4.036,2023-07-08,2038-07-08,180,Default,363,RI,Construction,Townhouse,764,0.8832,0.1933,Complete,2026-07-11T09:00:00Z,OriginationCore,ServicerX
LN-000899,BR-001324,Karan Iyer,586242.56,378351.68,13.147,2025-05-19,2040-05-19,180,Current,0,WA,Purchase,SingleFamily,815,0.8125,0.4165,Complete,2026-08-01T09:00:00Z,OriginationCore,MeridianServicing
LN-000900,BR-002149,Priya Sharma,442456.16,322624.39,13.482,2025-05-03,2050-05-04,300,Current,0,AK,Purchase,SingleFamily,665,0.8282,0.1892,Complete,2026-07-22T09:00:00Z,OriginationCore,AtlasLoanCare
LN-000901,BR-002038,Divya Joshi,257727.96,195306.28,12.465,2026-04-05,2056-04-05,360,Current,0,WA,Construction,SingleFamily,805,0.7416,0.2248,Complete,2026-07-13T09:00:00Z,OriginationCore,MeridianServicing
LN-000902,BR-002155,Riya Joshi,114814.15,103992.46,4.252,2025-10-03,2040-10-03,180,Current,0,IA,Refinance,Townhouse,715,0.6625,0.4433,Complete,2026-07-02T09:00:00Z,OriginationCore,MeridianServicing
LN-000903,BR-002072,Ananya Nair,742704.46,478938.66,5.762,2024-06-29,2039-06-30,180,Current,0,MI,CashOutRefi,Townhouse,599,0.4507,0.4768,Complete,2026-07-19T09:00:00Z,OriginationCore,AtlasLoanCare
LN-000904,BR-001503,Priya Verma,491728.21,432103.18,5.733,2024-12-12,2044-12-12,240,Current,0,NV,Construction,SingleFamily,712,0.7815,0.1908,Complete,2026-07-04T09:00:00Z,OriginationCore,ServicerX
LN-000905,BR-001600,Nisha Trivedi,793604.73,745490.4,4.016,2024-03-29,2034-03-29,120,Current,0,MO,Refinance,Townhouse,598,0.5762,0.4108,Complete,2026-08-03T09:00:00Z,OriginationCore,ServicerX
LN-000906,BR-002254,Vikram Sethi,812869.58,739430.86,9.578,2023-07-23,2038-07-23,180,Current,0,SD,Construction,Townhouse,775,0.7088,0.4658,Complete,2026-07-25T09:00:00Z,OriginationCore,AtlasLoanCare
LN-000907,BR-000021,Kavya Gupta,687213.84,451172.41,-2.041,2023-02-24,2043-02-24,240,Current,0,MD,Refinance,Townhouse,800,0.7669,0.3426,Pending,2026-07-22T09:00:00Z,OriginationCore,ServicerX
LN-000908,BR-000219,Rahul Rao,230166.64,188824.97,8.193,2025-11-21,2050-11-22,300,Current,0,RI,Purchase,MultiFamily,724,0.7195,0.1727,Complete,2026-08-19T09:00:00Z,OriginationCore,AtlasLoanCare
LN-000909,BR-000679,Nisha Trivedi,657454.85,435437.19,11.121,2026-03-25,2041-03-25,180,Current,0,WY,Construction,MultiFamily,792,0.704,0.3616,Complete,2026-07-06T09:00:00Z,OriginationCore,AtlasLoanCare
LN-000910,BR-002373,Nisha Menon,805778.68,632952.39,5.854,2025-05-26,2050-05-27,300,Current,0,OR,Purchase,MultiFamily,585,0.8248,0.4606,Complete,2026-08-03T09:00:00Z,OriginationCore,ServicerX
LN-000911,BR-001206,Ananya Sethi,142101.64,128618.19,7.648,2024-04-09,2039-04-10,180,90+ Days,161,AR,Construction,SingleFamily,722,0.6601,0.2893,Complete,2026-08-12T09:00:00Z,OriginationCore,MeridianServicing
LN-000912,BR-000935,Kavya Trivedi,197827.43,157694.23,5.535,2021-06-13,2031-06-13,120,Current,0,TN,Refinance,Condo,748,0.8934,0.415,Pending,2026-07-11T09:00:00Z,OriginationCore,MeridianServicing
LN-000913,BR-002320,Aman Sethi,866017.46,521199.03,6.925,2022-07-17,2032-07-16,120,Default,321,GA,Construction,MultiFamily,719,0.7721,0.302,Complete,2026-08-17T09:00:00Z,OriginationCore,AtlasLoanCare
LN-000914,BR-000062,Siddharth Banerjee,343009.81,328028.18,12.301,2022-03-01,2047-03-02,300,Current,0,UT,Refinance,Condo,786,0.6907,0.35,Missing,2026-08-13T09:00:00Z,OriginationCore,ServicerX
LN-000915,BR-001273,Kavya Pillai,710635.82,437423.99,10.199,2024-04-02,2044-04-02,240,Current,0,AK,Refinance,Townhouse,772,0.5231,0.1523,Pending,2026-07-20T09:00:00Z,OriginationCore,MeridianServicing
LN-000916,BR-001586,Kavya Bose,821238.17,812463.35,3.863,2022-01-09,2052-01-10,360,Current,0,SC,CashOutRefi,SingleFamily,592,0.9199,0.2813,Complete,2026-08-19T09:00:00Z,OriginationCore,AtlasLoanCare
LN-000917,BR-000223,Tara Sethi,299079.39,277380.64,11.897,Jul 31 2024,2045-07-04,240,Current,0,PA,Construction,Townhouse,740,0.479,0.4055,Complete,2026-08-06T09:00:00Z,OriginationCore,MeridianServicing
LN-000918,BR-000665,Arjun Gupta,811360.7,660031.96,13.183,2026-03-21,2046-03-21,240,Current,0,WI,Construction,Condo,732,0.4755,0.1568,Complete,2026-08-01T09:00:00Z,OriginationCore,AtlasLoanCare
LN-000919,BR-002316,Aman Nair,834404.57,0.0,11.845,2021-02-01,2046-02-02,300,Paid Off,0,AK,Construction,MultiFamily,597,0.9337,0.2195,Complete,2026-08-16T09:00:00Z,OriginationCore,ServicerX
LN-000920,BR-001413,Nisha Reddy,354197.1,0.0,8.373,2022-11-19,2037-11-19,180,Paid Off,0,NJ,Purchase,Condo,797,0.9479,0.4677,Complete,2026-08-14T09:00:00Z,OriginationCore,ServicerX
LN-000921,BR-002103,Ishita Kapoor,50394.78,44354.89,8.379,2024-07-28,2054-07-29,360,Current,0,MO,Purchase,Condo,635,0.6461,0.462,Complete,2026-08-11T09:00:00Z,OriginationCore,MeridianServicing
LN-000922,BR-000577,Nisha Joshi,667088.65,536789.47,8.868,2025-11-08,2045-11-08,240,Current,0,NV,CashOutRefi,MultiFamily,593,0.5301,0.2217,Complete,2026-08-23T09:00:00Z,OriginationCore,ServicerX
LN-000923,BR-002047,Kavya Mehta,504054.55,0.0,13.524,2021-02-17,2046-02-18,300,Paid Off,0,AL,Refinance,SingleFamily,804,0.6704,0.4372,Complete,2026-07-28T09:00:00Z,OriginationCore,ServicerX
LN-000924,BR-000703,Riya Kulkarni,271933.61,0.0,6.912,2024-03-27,2034-03-27,120,Paid Off,0,WA,Construction,Condo,774,0.6343,0.4392,Pending,2026-07-31T09:00:00Z,OriginationCore,AtlasLoanCare
LN-000925,BR-001673,Priya Verma,770864.66,655137.81,5.632,2025-02-12,2040-02-13,180,Current,0,WV,Purchase,Townhouse,781,0.7866,0.3406,Complete,2026-08-06T09:00:00Z,OriginationCore,MeridianServicing
LN-000926,BR-000967,Nisha Desai,456573.06,424064.04,11.969,2021-04-27,2031-04-27,120,Current,0,AL,CashOutRefi,SingleFamily,676,0.6973,0.1795,Pending,2026-07-26T09:00:00Z,OriginationCore,ServicerX
LN-000927,BR-001500,Priya Verma,328707.01,324284.7,9.199,2022-06-28,2037-06-28,180,Current,0,CT,CashOutRefi,Townhouse,725,0.4827,0.1755,Complete,2026-07-14T09:00:00Z,OriginationCore,ServicerX
LN-000928,BR-000162,Siddharth Menon,328283.66,246527.67,9.144,2024-11-06,2034-11-06,120,Current,0,KS,Construction,MultiFamily,780,0.7007,0.1557,Complete,2026-07-19T09:00:00Z,OriginationCore,ServicerX
LN-000929,BR-002222,Manav Trivedi,858689.99,559103.0,11.243,2026-01-10,2046-01-10,240,Current,0,NC,CashOutRefi,Condo,656,0.8854,0.2682,Complete,2026-07-04T09:00:00Z,OriginationCore,AtlasLoanCare
LN-000930,BR-002079,Tara Iyer,600180.14,449426.9,10.996,2025-08-31,2055-09-01,360,Current,0,CO,CashOutRefi,Condo,640,0.8924,0.2906,Complete,2026-07-23T09:00:00Z,OriginationCore,ServicerX
LN-000931,BR-000320,Aman Nair,72285.21,48500.2,11.273,2024-04-24,2054-04-25,360,Current,0,NY,Construction,Townhouse,718,0.4825,0.3683,Pending,2026-07-08T09:00:00Z,OriginationCore,AtlasLoanCare
LN-000932,BR-002024,Arjun Kulkarni,761488.25,591745.98,6.66,2024-09-05,2049-09-06,300,Current,0,MT,Refinance,Condo,674,0.4285,0.2443,Complete,2026-08-14T09:00:00Z,OriginationCore,MeridianServicing
LN-000933,BR-000126,Rahul Mehta,668535.31,502016.27,6.215,2022-02-18,2047-02-19,300,Current,0,WY,CashOutRefi,MultiFamily,648,0.5382,0.477,Complete,2026-08-24T09:00:00Z,OriginationCore,AtlasLoanCare
LN-000934,BR-001011,Ananya Kulkarni,169301.04,182582.5,11.503,2024-03-16,2049-03-17,300,60-89 Days,87,LA,Construction,Condo,801,0.9173,0.3412,Pending,2026-08-15T09:00:00Z,OriginationCore,AtlasLoanCare
LN-000935,BR-000765,Siddharth Verma,394165.9,335500.8,11.308,2022-08-04,2032-08-03,120,Current,0,ID,CashOutRefi,Townhouse,622,0.9327,0.2102,Pending,2026-08-06T09:00:00Z,OriginationCore,ServicerX
LN-000936,BR-002067,Rahul Kulkarni,500279.78,356610.85,11.172,2022-07-22,2037-07-22,180,60-89 Days,71,MS,Purchase,Townhouse,712,0.5446,0.2852,Pending,2026-08-12T09:00:00Z,OriginationCore,MeridianServicing
LN-000937,BR-000919,Priya Bose,692589.72,468477.45,6.526,2022-10-24,2032-10-23,120,30-59 Days,49,DE,Purchase,SingleFamily,813,0.6647,0.3195,Complete,2026-08-10T09:00:00Z,OriginationCore,AtlasLoanCare
LN-000938,BR-001616,Rohan Nair,278763.71,256174.83,6.74,2023-10-05,2043-10-05,240,Current,0,CT,CashOutRefi,MultiFamily,631,0.459,0.4051,Complete,2026-08-13T09:00:00Z,OriginationCore,ServicerX
LN-000939,BR-000976,Manav Gupta,668665.42,0.0,12.793,2021-01-25,2046-01-26,300,Paid Off,0,AK,CashOutRefi,Condo,758,0.8753,0.4308,Complete,2026-08-20T09:00:00Z,OriginationCore,ServicerX
LN-000940,BR-002146,Dev Kulkarni,200726.04,157139.05,3.692,2022-06-09,2032-06-08,120,Current,0,WI,Construction,SingleFamily,649,0.5985,0.2323,Complete,2026-08-19T09:00:00Z,OriginationCore,AtlasLoanCare
LN-000941,BR-001754,Manav Iyer,188371.09,131029.61,13.989,2021-11-23,2041-11-23,240,Current,0,WI,Construction,Townhouse,651,0.5643,0.2087,Complete,2026-07-06T09:00:00Z,OriginationCore,MeridianServicing
LN-000942,BR-001391,Riya Sethi,885680.84,596089.82,14.092,2022-08-16,2052-08-16,360,Default,384,MA,CashOutRefi,Condo,708,0.4709,0.4853,Pending,2026-07-17T09:00:00Z,OriginationCore,ServicerX
LN-000943,BR-000162,Arjun Kapoor,71586.38,0.0,12.219,2022-09-05,2047-09-06,300,Paid Off,0,SD,Refinance,Condo,598,0.9272,0.1959,Pending,2026-08-26T09:00:00Z,OriginationCore,ServicerX
LN-000944,BR-002138,Sneha Sethi,108856.19,76152.43,9.389,2022-11-06,2042-11-06,240,Current,0,UT,Purchase,MultiFamily,657,0.5564,0.3319,Complete,2026-08-24T09:00:00Z,OriginationCore,MeridianServicing
LN-000945,BR-000910,Manav Gupta,172461.52,0.0,13.337,2020-11-26,2050-11-27,360,Closed,0,WA,CashOutRefi,Townhouse,618,0.8108,0.1954,Pending,2026-07-13T09:00:00Z,OriginationCore,AtlasLoanCare
LN-000946,BR-002154,Sneha Mehta,294726.27,0.0,11.137,2022-04-09,2037-04-09,180,Paid Off,0,WV,Refinance,Condo,794,0.4346,0.2201,Complete,2026-08-22T09:00:00Z,OriginationCore,AtlasLoanCare
LN-000947,BR-002129,Karan Sethi,580457.68,507813.66,6.017,2022-12-27,2032-12-26,120,Current,0,IN,Construction,MultiFamily,586,0.6929,0.4184,Complete,2026-08-21T09:00:00Z,OriginationCore,AtlasLoanCare
LN-000948,BR-001315,Divya Rao,200399.99,141089.33,9.463,2021-04-17,2031-04-17,120,Current,0,NM,Refinance,Townhouse,619,0.8745,0.4797,Complete,2026-07-28T09:00:00Z,OriginationCore,AtlasLoanCare
LN-000949,BR-002269,Karan Reddy,744167.8,652215.89,7.514,2020-09-04,2030-09-04,120,90+ Days,160,ID,Construction,SingleFamily,745,0.6578,0.1722,Complete,2026-08-02T09:00:00Z,OriginationCore,ServicerX
LN-000950,BR-000120,Ishita Mehta,836925.73,816264.46,4.984,2023-12-21,2048-12-21,300,Current,0,WV,Construction,Condo,605,0.803,0.4298,Complete,2026-07-04T09:00:00Z,OriginationCore,AtlasLoanCare
LN-000951,BR-001332,Aditya Chauhan,250831.25,164053.69,12.078,2023-01-03,2033-01-02,120,Current,0,MA,CashOutRefi,MultiFamily,686,0.4672,0.4037,Complete,2026-08-16T09:00:00Z,OriginationCore,AtlasLoanCare
LN-000952,BR-002339,Ishita Pillai,187327.44,123399.99,12.952,2023-12-14,2048-12-14,300,Current,0,SC,Purchase,Condo,808,0.6458,0.4387,Pending,2026-08-25T09:00:00Z,OriginationCore,MeridianServicing
LN-000953,BR-001010,Aman Gupta,535386.73,332646.17,11.737,2024-04-23,2034-04-23,120,Current,0,WA,Purchase,Condo,705,0.7894,0.4361,Complete,2026-08-05T09:00:00Z,OriginationCore,AtlasLoanCare
LN-000954,BR-000552,Aditya Malhotra,161068.08,N/A,11.386,2023-09-06,2053-09-06,360,Current,0,OK,Refinance,Condo,589,0.8859,0.2429,Complete,2026-08-20T09:00:00Z,OriginationCore,AtlasLoanCare
LN-000955,BR-001525,Kavya Rao,480028.09,337794.66,5.124,2020-10-04,2045-10-05,300,Current,0,AR,Purchase,Condo,584,0.553,0.2557,Pending,2026-08-13T09:00:00Z,OriginationCore,AtlasLoanCare
LN-000956,BR-000861,Riya Nair,143058.71,131253.65,3.263,2022-10-23,2032-10-22,120,Current,0,TN,Refinance,MultiFamily,749,0.4132,0.256,Complete,2026-08-16T09:00:00Z,OriginationCore,AtlasLoanCare
LN-000957,BR-001703,Dev Nair,98185.34,93386.82,5.42,2024-03-30,2054-03-31,360,60-89 Days,78,NY,Purchase,SingleFamily,617,0.6188,0.3717,Complete,2026-07-21T09:00:00Z,OriginationCore,ServicerX
LN-000958,BR-001680,Tara Kapoor,150367.33,129041.77,3.615,2024-08-22,2039-08-23,180,Current,0,DE,Purchase,Townhouse,683,0.4575,0.4696,Complete,2026-07-28T09:00:00Z,OriginationCore,AtlasLoanCare
LN-000959,BR-001793,Karan Bose,165588.76,145177.47,13.643,2021-05-26,2031-05-26,120,Current,0,AZ,CashOutRefi,Condo,690,0.6092,0.2229,Complete,2026-07-24T09:00:00Z,OriginationCore,ServicerX
LN-000960,BR-000722,Rahul Nair,710151.44,629420.31,6.271,2023-01-10,2048-01-11,300,Current,0,SD,Refinance,MultiFamily,800,0.4048,0.3827,Missing,2026-08-08T09:00:00Z,OriginationCore,ServicerX
LN-000961,BR-001503,Aditya Malhotra,369240.4,336830.25,12.656,2023-03-11,2053-03-11,360,Current,0,WV,Purchase,Condo,763,0.7668,0.3587,Complete,2026-08-14T09:00:00Z,OriginationCore,AtlasLoanCare
LN-000962,BR-000486,Ananya Pillai,749969.6,488005.09,5.194,2020-11-02,2050-11-03,360,30-59 Days,59,MN,CashOutRefi,MultiFamily,679,0.5688,0.4734,Complete,2026-07-28T09:00:00Z,OriginationCore,ServicerX
,BR-000221,Manav Reddy,804886.95,451770.2,7.161,2025-07-26,2045-07-26,240,30-59 Days,35,NM,Refinance,Townhouse,651,0.4332,0.3597,Complete,2026-07-27T09:00:00Z,OriginationCore,AtlasLoanCare
LN-000964,BR-000519,Rohan Desai,412269.04,301545.99,10.476,2021-07-27,2031-07-27,120,Current,0,MI,CashOutRefi,MultiFamily,801,0.4872,0.4575,Complete,2026-08-18T09:00:00Z,OriginationCore,ServicerX
LN-000965,BR-001662,Dev Menon,77525.53,43214.16,13.513,2023-03-16,2038-03-16,180,Current,0,MS,Construction,MultiFamily,739,0.4357,0.305,Complete,2026-08-03T09:00:00Z,OriginationCore,MeridianServicing
LN-000966,BR-000436,Ananya Pillai,411394.59,270814.03,8.31,2023-03-18,2043-03-18,240,Current,0,DE,Purchase,SingleFamily,776,0.4652,0.4243,Complete,2026-07-27T09:00:00Z,OriginationCore,ServicerX
LN-000967,BR-000369,Dev Mehta,520766.85,639413.08,7.874,2021-10-12,2031-10-12,120,Current,0,OH,Purchase,SingleFamily,787,0.7997,0.2782,Complete,2026-07-09T09:00:00Z,OriginationCore,AtlasLoanCare
LN-000968,BR-002083,Arjun Sethi,878070.99,661995.59,8.209,2025-03-11,2035-03-11,120,30-59 Days,37,AR,Construction,Condo,665,0.4438,0.1667,Pending,2026-08-14T09:00:00Z,OriginationCore,MeridianServicing
LN-000969,BR-000806,Priya Sharma,468228.16,340060.79,9.499,2023-04-26,2053-04-26,360,Current,0,MN,CashOutRefi,Townhouse,689,0.7869,0.3587,Complete,2026-08-19T09:00:00Z,OriginationCore,ServicerX
LN-000970,BR-000821,Aman Malhotra,333698.3,0.0,4.801,2026-05-06,2036-05-05,120,Closed,0,KY,Construction,Townhouse,691,0.8528,0.1776,Complete,2026-07-06T09:00:00Z,OriginationCore,AtlasLoanCare
LN-000971,BR-001651,Manav Sethi,644555.67,363604.96,4.152,2024-11-08,2039-11-09,180,Current,0,SD,Purchase,SingleFamily,783,0.4641,0.3064,Complete,2026-08-09T09:00:00Z,OriginationCore,MeridianServicing
LN-000972,BR-002228,Siddharth Nair,81748.13,54410.37,12.436,2023-07-30,2033-07-29,120,30-59 Days,48,WI,CashOutRefi,SingleFamily,660,0.5371,0.4991,Complete,2026-08-11T09:00:00Z,OriginationCore,ServicerX
LN-000973,BR-002036,Nisha Trivedi,568974.64,515175.84,9.086,2023-07-17,2033-07-16,120,Current,0,SD,Refinance,SingleFamily,630,0.6548,0.3037,Complete,2026-08-07T09:00:00Z,OriginationCore,MeridianServicing
LN-000974,BR-000609,Sneha Banerjee,136747.11,0.0,6.297,2023-02-15,2048-02-16,300,Paid Off,0,NY,Construction,MultiFamily,643,0.5283,0.211,Complete,2026-08-20T09:00:00Z,OriginationCore,ServicerX
LN-000975,BR-001828,Priya Nair,545434.35,0.0,11.182,2023-03-01,2038-03-01,180,Paid Off,0,HI,Construction,Condo,586,0.5179,0.1678,Complete,2026-07-18T09:00:00Z,OriginationCore,AtlasLoanCare
LN-000976,BR-000113,Divya Reddy,125669.4,77874.53,12.771,2025-03-22,2040-03-22,180,Current,0,KS,CashOutRefi,Townhouse,810,0.4806,0.1892,Missing,2026-07-15T09:00:00Z,OriginationCore,ServicerX
LN-000977,BR-002082,Priya Nair,582066.57,0.0,14.161,2020-10-04,2050-10-05,360,Closed,0,KY,CashOutRefi,Condo,621,0.8168,0.308,Pending,2026-07-15T09:00:00Z,OriginationCore,MeridianServicing
LN-000978,BR-000048,Siddharth Mehta,535424.48,413890.14,3.71,2023-10-17,2053-10-17,360,Current,0,KY,Purchase,Townhouse,701,0.5761,0.3833,Pending,2026-07-29T09:00:00Z,OriginationCore,ServicerX
LN-000979,BR-000345,Vikram Desai,528914.73,384743.67,13.246,2022-02-21,2037-02-21,180,Current,0,HI,Construction,Condo,698,0.7994,0.2872,Pending,2026-07-09T09:00:00Z,OriginationCore,AtlasLoanCare
LN-000980,BR-001060,Meera Menon,277064.3,180343.48,7.871,2025-11-05,2050-11-06,300,Current,0,NV,Purchase,Townhouse,810,0.7035,0.2368,Complete,2026-08-19T09:00:00Z,OriginationCore,AtlasLoanCare
LN-000981,BR-002380,Nisha Mehta,333310.88,199014.56,6.368,2023-11-22,2053-11-22,360,Current,0,RI,Construction,MultiFamily,793,0.7354,0.2843,Complete,2026-07-28T09:00:00Z,OriginationCore,MeridianServicing
LN-000982,BR-001819,Priya Kapoor,71777.88,49343.93,9.45,2021-08-04,2051-08-05,360,Current,0,MO,Refinance,Condo,818,0.5956,0.416,Pending,2026-08-22T09:00:00Z,OriginationCore,MeridianServicing
LN-000983,BR-000910,Divya Kulkarni,50291.81,0.0,7.602,2025-01-01,2045-01-01,240,Closed,0,SC,Purchase,Townhouse,615,0.9418,0.2883,Complete,2026-07-07T09:00:00Z,OriginationCore,AtlasLoanCare
LN-000984,BR-000303,Sneha Reddy,411177.27,237619.5,9.745,2025-08-22,2050-08-23,300,Current,0,MN,Refinance,Condo,762,0.6241,0.2314,,2026-08-07T09:00:00Z,OriginationCore,MeridianServicing
LN-000985,BR-002279,Kavya Reddy,208593.31,199013.51,7.607,2022-07-29,2032-07-28,120,Current,0,HI,CashOutRefi,MultiFamily,772,0.5661,0.2006,Complete,2026-08-06T09:00:00Z,OriginationCore,ServicerX
LN-000986,BR-000116,Riya Sethi,,516361.64,7.624,2022-11-03,2047-11-04,300,Default,197,NM,Construction,SingleFamily,777,0.6837,0.3951,Complete,2026-08-09T09:00:00Z,OriginationCore,AtlasLoanCare
LN-000987,BR-000012,Nisha Gupta,514698.72,0.0,12.583,2025-12-08,2055-12-09,360,Paid Off,0,CT,CashOutRefi,SingleFamily,693,0.549,0.3309,Missing,2026-07-11T09:00:00Z,OriginationCore,ServicerX
LN-000988,BR-001730,Aman Kulkarni,831249.21,803619.62,10.1,2024-05-02,2044-05-02,240,Current,0,VT,Construction,Townhouse,659,0.9117,0.2834,Complete,2026-07-23T09:00:00Z,OriginationCore,ServicerX
LN-000989,BR-000202,Rahul Reddy,550099.36,0.0,10.058,2022-08-04,2042-08-04,240,Closed,0,AR,Construction,MultiFamily,643,0.7833,0.2835,Complete,2026-07-06T09:00:00Z,OriginationCore,MeridianServicing
LN-000990,BR-002203,Siddharth Malhotra,453308.71,394563.06,5.382,2025-08-13,2035-08-13,120,Current,0,KS,Construction,Condo,605,0.6831,0.241,Complete,2026-08-12T09:00:00Z,OriginationCore,ServicerX
LN-000991,BR-001234,Ananya Joshi,56526.58,47407.04,9.099,2020-12-17,2045-12-18,300,Current,0,ID,Purchase,MultiFamily,815,0.607,0.2813,Pending,2026-07-21T09:00:00Z,OriginationCore,AtlasLoanCare
LN-000992,BR-001074,Vikram Sharma,416639.0,289074.46,12.432,2021-07-12,2051-07-13,360,Current,0,MA,Construction,MultiFamily,705,0.8159,0.269,Pending,2026-07-30T09:00:00Z,OriginationCore,AtlasLoanCare
LN-000993,BR-002075,Aman Sharma,702804.58,0.0,7.889,2022-12-12,2047-12-13,300,Closed,0,MS,CashOutRefi,Townhouse,804,0.6097,0.1958,Complete,2026-08-14T09:00:00Z,OriginationCore,MeridianServicing
LN-000702,BR-001422,Karan Iyer,96063.54,66952.53,3.105,2023-03-01,2043-03-01,240,Current,0,HI,Refinance,SingleFamily,624,0.4837,0.2134,Complete,2026-07-19T09:00:00Z,OriginationCore,MeridianServicing
LN-000995,BR-001295,Aman Nair,639857.19,464884.33,7.487,2021-01-15,2046-01-16,300,Current,0,CO,Refinance,MultiFamily,761,0.9409,0.1823,Pending,2026-07-09T09:00:00Z,OriginationCore,AtlasLoanCare
LN-000996,BR-000062,Rahul Banerjee,894367.48,847817.79,9.771,2022-01-19,2042-01-19,240,Current,0,NM,Construction,Condo,630,0.881,0.2105,Complete,2026-07-23T09:00:00Z,OriginationCore,MeridianServicing
LN-000997,BR-001674,Divya Mehta,841337.56,512677.8,10.344,2026-04-03,2051-04-04,300,Current,0,CA,Refinance,SingleFamily,815,0.4905,0.2214,Complete,2026-07-12T09:00:00Z,OriginationCore,AtlasLoanCare
LN-000998,BR-002181,Arjun Gupta,243779.55,197229.01,9.372,2022-07-27,2047-07-28,300,Current,0,MS,CashOutRefi,Condo,659,0.4704,0.3851,Complete,2026-08-02T09:00:00Z,OriginationCore,ServicerX
LN-000999,BR-000194,Arjun Sethi,796852.46,702079.16,5.926,2022-10-08,2052-10-08,360,Current,0,ME,Construction,MultiFamily,769,0.4801,0.2189,Pending,2026-08-09T09:00:00Z,OriginationCore,ServicerX
LN-001000,BR-002201,Aman Banerjee,181039.26,135214.19,10.845,2024-03-27,2039-03-28,180,30-59 Days,49,WA,Purchase,Townhouse,692,0.8956,0.2894,Complete,2026-07-08T09:00:00Z,OriginationCore,AtlasLoanCare
LN-001001,BR-002208,Nisha Mehta,465892.43,434094.49,12.426,2024-07-16,2044-07-16,240,Current,0,MN,Purchase,SingleFamily,785,0.8657,0.3624,Complete,2026-07-22T09:00:00Z,OriginationCore,ServicerX
LN-001002,BR-000941,Ishita Kulkarni,329608.62,186099.68,8.785,2023-07-19,2033-07-18,120,Current,0,LA,Refinance,MultiFamily,797,0.5262,0.257,Complete,2026-07-19T09:00:00Z,OriginationCore,AtlasLoanCare
LN-001003,BR-002107,Meera Sethi,657882.08,499092.42,6.971,2025-08-18,2035-08-18,120,Current,0,LA,CashOutRefi,MultiFamily,814,0.7685,0.2758,Complete,2026-08-08T09:00:00Z,OriginationCore,ServicerX
LN-001004,BR-000891,Tara Kulkarni,746531.86,636725.21,4.232,2024-01-18,2054-01-18,360,Default,345,UT,CashOutRefi,Condo,744,0.7277,0.2015,Complete,2026-07-27T09:00:00Z,OriginationCore,AtlasLoanCare
LN-001005,BR-002373,Manav Menon,,716660.72,9.068,2023-07-17,2053-07-17,360,30-59 Days,54,GA,Purchase,MultiFamily,660,0.6647,0.3961,Pending,2026-07-21T09:00:00Z,OriginationCore,ServicerX
LN-001006,BR-000367,Aman Kulkarni,628870.18,410226.18,11.599,2021-05-14,2041-05-14,240,Current,0,VA,CashOutRefi,Condo,648,0.4727,0.2213,Complete,2026-07-06T09:00:00Z,OriginationCore,ServicerX
LN-001007,BR-000619,Rahul Kulkarni,188323.93,150645.17,8.75,2021-05-13,2051-05-14,360,Current,0,HI,Refinance,Condo,712,0.8768,0.4735,Complete,2026-08-20T09:00:00Z,OriginationCore,AtlasLoanCare
LN-001008,BR-000943,Vikram Sharma,173849.83,104565.13,3.187,2024-07-10,2039-07-11,180,Current,0,NJ,Construction,Townhouse,609,0.4249,0.1604,Pending,2026-08-15T09:00:00Z,OriginationCore,AtlasLoanCare
LN-001009,BR-001211,Sneha Rao,657636.06,520194.1,7.413,2021-01-05,2051-01-06,360,Current,0,ME,Purchase,Condo,809,0.7042,0.475,Complete,2026-07-05T09:00:00Z,OriginationCore,AtlasLoanCare
LN-001010,BR-002255,Ananya Bose,691849.58,464646.16,6.621,2020-09-06,2030-09-06,120,60-89 Days,73,PA,CashOutRefi,SingleFamily,588,0.402,0.4067,Missing,2026-07-07T09:00:00Z,OriginationCore,MeridianServicing
LN-001011,BR-001554,Tara Nair,52982.06,35642.99,6.811,2024-05-11,2049-05-12,300,60-89 Days,88,VT,Purchase,Townhouse,690,0.9348,0.384,Complete,2026-08-05T09:00:00Z,OriginationCore,ServicerX
LN-001012,BR-000355,Meera Chauhan,819239.03,584302.68,14.348,2026-04-05,2036-04-04,120,Current,0,NH,CashOutRefi,SingleFamily,682,0.7378,0.4728,Complete,2026-07-02T09:00:00Z,OriginationCore,AtlasLoanCare
LN-001013,BR-000798,Manav Sethi,494373.83,440053.25,9.305,2025-12-08,2050-12-09,300,Current,0,OK,Refinance,Townhouse,716,0.7991,0.3476,Complete,2026-07-09T09:00:00Z,OriginationCore,MeridianServicing
LN-001014,BR-002276,Kavya Menon,717174.89,564826.63,4.361,2021-04-04,2051-04-05,360,Current,0,SC,Purchase,MultiFamily,587,0.604,0.357,Complete,2026-07-22T09:00:00Z,OriginationCore,MeridianServicing
LN-001015,BR-000092,Meera Kapoor,812273.36,659296.86,7.964,2021-04-23,2031-04-23,120,Current,0,NJ,Refinance,Townhouse,583,0.5665,0.1775,Pending,2026-08-18T09:00:00Z,OriginationCore,AtlasLoanCare
LN-001016,BR-001288,Rahul Gupta,849633.4,602331.49,8.597,2024-11-04,2044-11-04,240,60-89 Days,69,VA,Purchase,Condo,704,0.5632,0.3607,Complete,2026-07-25T09:00:00Z,OriginationCore,ServicerX
LN-001017,BR-001785,Divya Mehta,288281.25,233674.17,4.871,2024-10-13,2054-10-14,360,Current,0,MI,Purchase,Townhouse,593,0.8461,0.4586,Pending,2026-08-18T09:00:00Z,OriginationCore,MeridianServicing
LN-001018,BR-001203,Aditya Banerjee,828810.66,657713.41,12.585,2023-06-02,2043-06-02,240,Current,0,MA,Construction,Condo,580,0.8647,0.1995,Pending,2026-07-14T09:00:00Z,OriginationCore,MeridianServicing
LN-001019,BR-001636,Karan Verma,653760.63,570798.16,7.715,2026-05-28,2051-05-29,300,Current,0,NJ,Refinance,Condo,791,0.4748,0.4467,Complete,2026-08-22T09:00:00Z,OriginationCore,ServicerX
LN-001020,BR-001147,Priya Iyer,831611.03,782102.42,4.023,2024-07-30,2054-07-31,360,Current,0,HI,CashOutRefi,Townhouse,641,0.4495,0.4978,Complete,2026-07-07T09:00:00Z,OriginationCore,AtlasLoanCare
LN-001021,BR-000242,Meera Reddy,459249.78,323601.26,9.605,2026-05-03,2046-05-03,240,Current,0,SC,Refinance,Townhouse,806,0.844,0.4934,Complete,2026-07-22T09:00:00Z,OriginationCore,MeridianServicing
LN-001022,BR-001805,Arjun Menon,118740.2,104171.01,4.566,2021-08-12,2036-08-12,180,Default,192,AZ,Construction,SingleFamily,787,0.6366,0.2599,Complete,2026-08-12T09:00:00Z,OriginationCore,MeridianServicing
LN-001023,BR-001341,Rohan Chauhan,795668.08,546937.21,12.323,2025-06-08,2045-06-08,240,Current,0,OR,Construction,Townhouse,731,0.7054,0.2247,Pending,2026-07-12T09:00:00Z,OriginationCore,MeridianServicing
LN-001024,BR-000361,Aman Desai,287174.26,172548.52,13.645,2023-07-10,2038-07-10,180,Current,0,IL,CashOutRefi,SingleFamily,634,0.8959,0.4039,Complete,2026-07-04T09:00:00Z,OriginationCore,MeridianServicing
LN-001025,BR-000909,Vikram Nair,180669.71,152151.84,8.385,2025-11-24,2045-11-24,240,30-59 Days,39,IN,CashOutRefi,Townhouse,645,0.6882,0.4585,Complete,2026-08-01T09:00:00Z,OriginationCore,ServicerX
LN-001026,BR-001759,Tara Bose,394786.84,"1,25,000",9.765,2025-09-23,2050-09-24,300,Current,0,VA,CashOutRefi,MultiFamily,818,0.6981,0.2183,Complete,2026-08-24T09:00:00Z,OriginationCore,ServicerX
LN-001027,BR-001221,Nisha Kapoor,375231.32,0.0,9.212,2023-11-07,2043-11-07,240,Closed,0,MI,Purchase,Townhouse,788,0.6444,0.2468,Complete,2026-07-17T09:00:00Z,OriginationCore,MeridianServicing
LN-001028,BR-002313,Vikram Sharma,349573.34,253338.94,9.832,2022-08-23,2047-08-24,300,Current,0,WY,CashOutRefi,SingleFamily,590,0.6714,0.3949,Complete,2026-08-13T09:00:00Z,OriginationCore,AtlasLoanCare
LN-001029,BR-001896,Kavya Malhotra,806060.73,472889.43,4.09,2025-04-07,2055-04-08,360,Current,0,GA,CashOutRefi,MultiFamily,760,0.9183,0.3887,Complete,2026-08-20T09:00:00Z,OriginationCore,AtlasLoanCare
LN-001030,BR-001291,Divya Nair,588769.02,484693.68,10.85,2024-07-09,2039-07-10,180,Current,0,CO,Refinance,Condo,692,0.8956,0.4247,Pending,2026-08-12T09:00:00Z,OriginationCore,MeridianServicing
LN-001031,BR-000324,Ishita Reddy,184222.38,167178.25,6.878,2026-04-15,2036-04-14,120,Current,0,ZZ,CashOutRefi,Townhouse,742,0.8898,0.2689,Complete,2026-08-23T09:00:00Z,OriginationCore,ServicerX
LN-001032,BR-002256,Arjun Rao,700237.22,645332.26,11.145,2025-04-14,2050-04-15,300,30-59 Days,48,UT,CashOutRefi,SingleFamily,813,0.5268,0.4128,Complete,2026-07-28T09:00:00Z,OriginationCore,ServicerX
LN-001033,BR-000050,Sneha Menon,863783.73,843681.13,4.363,2023-03-06,2048-03-06,300,Current,0,MN,Refinance,SingleFamily,804,0.518,0.166,Complete,2026-07-08T09:00:00Z,OriginationCore,MeridianServicing
LN-001034,BR-001380,Aman Trivedi,511346.91,485951.99,13.257,2025-08-07,2035-08-07,120,Current,0,MN,Refinance,MultiFamily,755,0.7119,0.2013,Complete,2026-08-12T09:00:00Z,OriginationCore,ServicerX
LN-001035,BR-000079,Nisha Menon,396423.52,382093.16,7.927,2025-09-28,2035-09-28,120,Current,0,CA,Construction,Townhouse,702,0.5445,0.4224,Pending,2026-08-26T09:00:00Z,OriginationCore,MeridianServicing
LN-001036,BR-000794,Riya Joshi,640229.96,602773.89,6.528,2023-05-31,2053-05-31,360,Current,0,IA,Purchase,SingleFamily,680,0.6699,0.2819,Pending,2026-08-13T09:00:00Z,OriginationCore,ServicerX
LN-001037,BR-000299,Dev Bose,56842.45,39965.53,14.332,2022-09-23,2042-09-23,240,Current,0,KY,Refinance,Townhouse,627,0.5572,0.3108,Complete,2026-08-26T09:00:00Z,OriginationCore,AtlasLoanCare
LN-001038,BR-000907,Rohan Verma,612267.74,546634.65,12.844,2024-04-23,2034-04-23,120,Current,0,AL,Purchase,SingleFamily,744,0.8923,0.2976,Complete,2026-08-12T09:00:00Z,OriginationCore,MeridianServicing
LN-001039,BR-001696,Kavya Pillai,591625.72,0.0,5.794,2026-05-05,2041-05-05,180,Paid Off,0,DE,Purchase,Townhouse,680,0.6442,0.4281,Complete,2026-07-22T09:00:00Z,OriginationCore,ServicerX
LN-001040,BR-001369,Riya Kulkarni,864034.61,0.0,12.084,2022-08-27,2042-08-27,240,Paid Off,0,MA,Refinance,SingleFamily,623,0.7264,0.3578,Complete,2026-07-28T09:00:00Z,OriginationCore,ServicerX
LN-001041,BR-000734,Priya Kapoor,246303.39,180884.06,8.262,2025-11-19,2050-11-20,300,90+ Days,135,ND,Refinance,SingleFamily,645,0.6541,0.3122,Complete,2026-07-06T09:00:00Z,OriginationCore,AtlasLoanCare
LN-001042,BR-000664,Karan Kulkarni,821231.27,741167.27,3.07,2026-05-24,2041-05-24,180,Current,0,NV,Refinance,SingleFamily,745,0.8374,0.4039,Complete,2026-07-04T09:00:00Z,OriginationCore,MeridianServicing
LN-001043,BR-000018,Aditya Menon,493915.88,0.0,4.086,2025-01-04,2055-01-05,360,Paid Off,0,WY,Purchase,Townhouse,634,0.6945,0.2663,Complete,2026-07-11T09:00:00Z,OriginationCore,AtlasLoanCare
LN-001044,BR-000386,Nisha Kulkarni,533628.79,521908.86,8.943,2022-11-24,2052-11-24,360,Current,0,WI,CashOutRefi,Condo,702,0.6942,0.4329,Complete,2026-08-16T09:00:00Z,OriginationCore,ServicerX
LN-001045,BR-000707,Kavya Pillai,567358.01,538871.27,6.815,2022-03-13,2032-03-12,120,Current,0,AR,Purchase,Condo,623,0.7973,0.3169,Complete,2026-07-27T09:00:00Z,OriginationCore,ServicerX
LN-001046,BR-000937,Ananya Kapoor,572785.62,472616.7,3.68,2024-01-04,2054-01-04,360,Current,0,LA,CashOutRefi,Townhouse,651,0.7602,0.4059,Pending,2026-07-04T09:00:00Z,OriginationCore,AtlasLoanCare
LN-001047,BR-002365,Aman Bose,408241.15,0.0,11.063,2025-08-31,2035-08-31,120,Paid Off,0,WV,Purchase,Condo,589,0.7487,0.4925,Complete,2026-08-03T09:00:00Z,OriginationCore,AtlasLoanCare
LN-001048,BR-000521,Rahul Chauhan,774519.01,575559.75,7.289,2023-12-13,2038-12-13,180,Current,0,AZ,Refinance,SingleFamily,686,0.5845,0.1665,Complete,2026-08-04T09:00:00Z,OriginationCore,ServicerX
,BR-001803,Tara Gupta,342769.2,223333.33,7.092,2025-10-05,2035-10-05,120,60-89 Days,88,PA,Purchase,Condo,613,0.8223,0.3893,Complete,2026-07-04T09:00:00Z,OriginationCore,AtlasLoanCare
LN-001050,BR-001924,Rohan Malhotra,630240.8,617915.36,12.95,2021-09-29,2031-09-29,120,60-89 Days,61,HI,Refinance,SingleFamily,781,0.416,0.2368,Missing,2026-08-22T09:00:00Z,OriginationCore,AtlasLoanCare
LN-001051,BR-000832,Rahul Sethi,577075.43,355690.68,8.599,2025-08-28,2045-08-28,240,Current,0,MS,Construction,MultiFamily,795,0.6297,0.4894,Complete,2026-08-21T09:00:00Z,OriginationCore,ServicerX
LN-001052,BR-002337,Kavya Malhotra,645362.28,0.0,7.164,2023-10-14,2048-10-14,300,Paid Off,0,MD,CashOutRefi,MultiFamily,656,0.7608,0.3043,Complete,2026-08-21T09:00:00Z,OriginationCore,ServicerX
LN-001053,BR-001544,Vikram Gupta,659687.77,462617.63,5.182,2024-04-16,2044-04-16,240,Current,0,MO,Refinance,Townhouse,805,0.8587,0.181,Missing,2026-08-07T09:00:00Z,OriginationCore,MeridianServicing
LN-001054,BR-001408,Siddharth Verma,615644.91,0.0,6.065,2021-10-18,2036-10-18,180,Paid Off,0,CT,Purchase,Townhouse,732,0.9227,0.3662,Complete,2026-07-10T09:00:00Z,OriginationCore,MeridianServicing
LN-001055,BR-000347,Aman Menon,665701.65,0.0,10.851,2023-09-18,2038-09-18,180,Paid Off,0,IA,Refinance,MultiFamily,786,0.5317,0.1969,Missing,2026-07-12T09:00:00Z,OriginationCore,MeridianServicing
LN-001056,BR-000922,Karan Pillai,805618.91,572356.0,13.916,2024-04-24,2049-04-25,300,Current,0,VT,Refinance,SingleFamily,600,0.7885,0.278,Complete,2026-08-11T09:00:00Z,OriginationCore,MeridianServicing
LN-001057,BR-001600,Riya Pillai,367782.74,262122.35,8.743,2026-02-03,2051-02-04,300,30-59 Days,55,NJ,Construction,MultiFamily,764,0.8246,0.4655,Complete,2026-07-28T09:00:00Z,OriginationCore,ServicerX
LN-001058,BR-001610,Nisha Trivedi,421098.22,415243.44,11.935,2023-09-19,2043-09-19,240,Current,0,CA,Construction,Condo,811,0.5542,0.1777,Complete,2026-08-09T09:00:00Z,OriginationCore,MeridianServicing
LN-001059,BR-001255,Kavya Nair,536783.55,0.0,12.37,2026-04-26,2036-04-25,120,Paid Off,0,WI,Construction,Condo,662,0.8326,0.2799,Complete,2026-07-18T09:00:00Z,OriginationCore,MeridianServicing
LN-001060,BR-001857,Divya Kapoor,145915.42,0.0,5.755,2024-05-14,2049-05-15,300,Paid Off,0,LA,Refinance,Townhouse,611,0.9132,0.2501,Missing,2026-08-26T09:00:00Z,OriginationCore,MeridianServicing
LN-001061,BR-000477,Rohan Verma,260640.52,251263.14,13.191,2024-03-19,2054-03-20,360,Default,235,VA,Purchase,Townhouse,725,0.627,0.3802,Complete,2026-07-05T09:00:00Z,OriginationCore,ServicerX
LN-001062,BR-001460,Vikram Kapoor,504034.22,304271.37,13.717,2026-01-26,2036-01-26,120,Current,0,MS,Construction,SingleFamily,814,0.9129,0.2483,Complete,2026-07-24T09:00:00Z,OriginationCore,MeridianServicing
LN-001063,BR-001887,Divya Pillai,418003.74,0.0,12.708,2024-06-06,2044-06-06,240,Paid Off,0,AR,Purchase,Townhouse,629,0.7535,0.2073,Complete,2026-07-06T09:00:00Z,OriginationCore,AtlasLoanCare
LN-001064,BR-001822,Tara Gupta,727137.74,662390.88,4.519,2021-10-18,2031-10-18,120,Default,291,MT,CashOutRefi,Townhouse,628,0.5072,0.1512,Complete,2026-08-12T09:00:00Z,OriginationCore,ServicerX
LN-001065,BR-000101,Aditya Verma,742997.43,713477.23,10.464,2022-05-27,2032-05-26,120,60-89 Days,81,AZ,Purchase,SingleFamily,815,0.4836,0.4497,Complete,2026-08-22T09:00:00Z,OriginationCore,ServicerX
LN-001066,BR-000492,Manav Sharma,208362.29,192222.55,9.948,2022-12-09,2032-12-08,120,Current,0,OR,Purchase,Condo,775,0.6189,0.4321,Complete,2026-08-14T09:00:00Z,OriginationCore,MeridianServicing
LN-001067,BR-000632,Kavya Malhotra,218690.56,180172.84,5.024,2026-01-05,2041-01-05,180,Current,0,RI,Refinance,Townhouse,780,0.5354,0.1947,Complete,2026-08-04T09:00:00Z,OriginationCore,AtlasLoanCare
LN-001068,BR-001814,Karan Trivedi,823112.91,507318.7,5.186,2024-01-06,2044-01-06,240,Current,0,AL,CashOutRefi,MultiFamily,798,0.6605,0.3927,Pending,2026-07-13T09:00:00Z,OriginationCore,ServicerX
LN-001069,BR-000143,Dev Malhotra,159822.26,94027.81,4.054,2023-11-17,2043-11-17,240,Current,0,OK,Construction,SingleFamily,710,0.5031,0.3625,Complete,2026-08-04T09:00:00Z,OriginationCore,ServicerX
LN-001070,BR-002013,Rahul Kapoor,755300.17,428234.6,7.559,2024-08-18,2054-08-19,360,Current,0,TN,Refinance,Condo,760,0.4493,0.4507,Complete,2026-08-26T09:00:00Z,OriginationCore,AtlasLoanCare
LN-001071,BR-001329,Tara Pillai,504012.51,366475.75,4.507,2023-06-20,2048-06-20,300,Current,0,IN,Refinance,Condo,621,0.9058,0.3279,,2026-08-14T09:00:00Z,OriginationCore,AtlasLoanCare
LN-001072,BR-002319,Ananya Mehta,897567.54,884796.4,5.054,2023-07-24,2043-07-24,240,Current,0,MT,Purchase,Townhouse,626,0.8516,0.3663,Missing,2026-07-03T09:00:00Z,OriginationCore,ServicerX
LN-001073,BR-001962,Karan Nair,815185.45,770121.26,12.833,2025-11-08,2045-11-08,240,Current,0,OH,Purchase,MultiFamily,681,0.776,0.3221,Complete,2026-07-07T09:00:00Z,OriginationCore,ServicerX
LN-001074,BR-000500,Siddharth Verma,618652.03,492392.46,4.708,2020-12-17,2030-12-17,120,Current,0,IA,Construction,Condo,682,0.7636,0.3281,Complete,2026-08-07T09:00:00Z,OriginationCore,MeridianServicing
LN-001075,BR-001951,Arjun Rao,608323.33,418578.54,6.662,2021-02-04,2036-02-05,180,Current,0,ID,Purchase,MultiFamily,602,0.6355,0.4021,Complete,2026-08-09T09:00:00Z,OriginationCore,AtlasLoanCare
LN-001076,BR-002361,Nisha Menon,414025.43,397742.59,14.325,2022-09-15,2042-09-15,240,Current,0,NH,Construction,MultiFamily,786,0.5017,0.317,Complete,2026-08-21T09:00:00Z,OriginationCore,ServicerX
LN-001077,BR-000062,Meera Trivedi,193418.18,0.0,12.969,2023-07-25,2033-07-24,120,Closed,0,CT,Refinance,SingleFamily,618,0.5691,0.4793,Complete,2026-07-15T09:00:00Z,OriginationCore,AtlasLoanCare
LN-001078,BR-002320,Kavya Banerjee,443343.8,332382.57,5.48,2021-11-18,2046-11-19,300,Current,0,NV,Construction,Townhouse,639,0.4439,0.3607,Complete,2026-08-24T09:00:00Z,OriginationCore,ServicerX
LN-001079,BR-002363,Kavya Kulkarni,623707.57,606258.28,10.149,2022-01-15,2047-01-16,300,Current,0,MN,Refinance,Condo,820,0.747,0.3501,Pending,2026-07-13T09:00:00Z,OriginationCore,AtlasLoanCare
LN-001080,BR-001265,Sneha Sharma,147994.92,131535.5,13.969,2024-02-17,2044-02-17,240,Current,0,ID,Refinance,SingleFamily,617,0.4251,0.1924,Complete,2026-08-05T09:00:00Z,OriginationCore,ServicerX
LN-001081,BR-001869,Rohan Banerjee,736421.09,496662.15,3.079,2020-12-14,2040-12-14,240,Current,0,AL,Refinance,Townhouse,723,0.6553,0.2572,Complete,2026-07-17T09:00:00Z,OriginationCore,MeridianServicing
LN-001082,BR-000365,Manav Bose,303082.29,226724.08,7.435,2021-11-28,2046-11-29,300,Current,0,NV,Purchase,MultiFamily,799,0.5818,0.1581,Complete,2026-08-07T09:00:00Z,OriginationCore,MeridianServicing
LN-001083,BR-002315,Manav Trivedi,219302.87,157874.65,5.144,2021-02-17,2036-02-18,180,Current,0,NH,Purchase,SingleFamily,805,0.7492,0.3775,Complete,2026-08-09T09:00:00Z,OriginationCore,AtlasLoanCare
LN-001084,BR-000033,Vikram Rao,322931.79,230322.43,7.022,2023-11-28,2048-11-28,300,Current,0,ND,Refinance,Townhouse,685,0.7709,0.2993,Complete,2026-07-28T09:00:00Z,OriginationCore,ServicerX
LN-001085,BR-001374,Aman Malhotra,828740.37,659859.73,7.01,2023-02-26,2043-02-26,240,Current,0,NE,Construction,Condo,656,0.9348,0.4138,Pending,2026-07-21T09:00:00Z,OriginationCore,MeridianServicing
LN-001086,BR-000497,Nisha Menon,652681.18,586336.88,13.672,2022-12-16,2037-12-16,180,60-89 Days,78,KS,Refinance,MultiFamily,650,0.7181,0.2498,Complete,2026-08-07T09:00:00Z,OriginationCore,MeridianServicing
LN-001087,BR-002300,Vikram Kapoor,64599.77,59314.18,5.582,2023-06-13,2048-06-13,300,30-59 Days,48,MI,Construction,Condo,734,0.7976,0.4032,Complete,2026-07-13T09:00:00Z,OriginationCore,AtlasLoanCare
LN-001088,BR-002339,Tara Kapoor,134795.12,131510.0,3.704,2023-05-20,2053-05-20,360,Current,0,DE,Construction,SingleFamily,702,0.5798,0.4647,Complete,2026-07-09T09:00:00Z,OriginationCore,ServicerX
LN-001089,BR-000515,Arjun Chauhan,364962.42,294767.83,3.117,2021-10-11,2041-10-11,240,Current,0,LA,Construction,MultiFamily,677,0.9109,0.2019,Complete,2026-07-03T09:00:00Z,OriginationCore,AtlasLoanCare
LN-001090,BR-000471,Sneha Gupta,170219.87,120267.05,6.833,2026-02-05,2036-02-05,120,30-59 Days,42,MN,Construction,Condo,664,0.7203,0.3698,Pending,2026-08-18T09:00:00Z,OriginationCore,ServicerX
LN-001091,BR-000282,Divya Rao,875224.5,702290.82,9.354,2021-07-31,2051-08-01,360,Current,0,KY,CashOutRefi,Townhouse,679,0.5217,0.1754,Pending,2026-08-13T09:00:00Z,OriginationCore,AtlasLoanCare
LN-001092,BR-001669,Vikram Kapoor,802265.31,506044.53,3.385,2025-11-13,2045-11-13,240,Current,0,IL,CashOutRefi,Townhouse,654,0.5007,0.2923,Complete,2026-07-04T09:00:00Z,OriginationCore,ServicerX
LN-001093,BR-001624,Siddharth Sharma,613792.84,449849.69,3.376,2023-10-21,2043-10-21,240,30-59 Days,55,TN,CashOutRefi,Condo,725,0.8732,0.2835,Complete,2026-07-10T09:00:00Z,OriginationCore,ServicerX
LN-001094,BR-001172,Meera Gupta,599638.18,0.0,6.03,2025-05-26,2040-05-26,180,Closed,0,MD,Refinance,MultiFamily,594,0.4853,0.3378,Complete,2026-07-29T09:00:00Z,OriginationCore,MeridianServicing
LN-001095,BR-001601,Ishita Mehta,187688.98,181213.86,8.157,2024-07-28,2034-07-28,120,Current,0,WA,Refinance,Condo,631,0.4734,0.4979,Complete,2026-07-30T09:00:00Z,OriginationCore,ServicerX
LN-001096,BR-000883,Sneha Sharma,63805.46,51196.95,5.642,2024-11-16,2034-11-16,120,Current,0,IL,CashOutRefi,Townhouse,699,0.6425,0.4069,Complete,2026-08-20T09:00:00Z,OriginationCore,MeridianServicing
LN-000289,BR-001960,Aman Trivedi,842892.48,781021.83,6.995,2022-04-24,2047-04-25,300,Current,0,KS,Purchase,Condo,651,0.753,0.2237,Complete,2026-08-17T09:00:00Z,OriginationCore,ServicerX
LN-001098,BR-000540,Arjun Kapoor,743655.02,418513.5,9.212,2023-07-05,2038-07-05,180,Current,0,CA,Purchase,SingleFamily,696,0.7947,0.4852,Complete,2026-08-09T09:00:00Z,OriginationCore,ServicerX
LN-001099,BR-001695,Divya Kulkarni,798918.04,725659.37,8.32,2025-10-27,2045-10-27,240,Current,0,NM,Construction,MultiFamily,791,0.5432,0.1871,Complete,2026-07-11T09:00:00Z,OriginationCore,AtlasLoanCare
LN-001100,BR-001806,Ananya Banerjee,92539.47,72950.21,10.233,2023-06-13,2038-06-13,180,Current,0,NC,Purchase,Condo,619,0.5742,0.164,Missing,2026-07-23T09:00:00Z,OriginationCore,AtlasLoanCare
LN-001101,BR-000604,Karan Banerjee,385072.48,332528.99,5.865,2022-01-31,2042-01-31,240,Current,0,NH,Purchase,Condo,605,0.4715,0.1801,Complete,2026-07-25T09:00:00Z,OriginationCore,AtlasLoanCare
LN-001102,BR-000205,Meera Gupta,250350.26,213518.33,12.833,2025-12-08,2050-12-09,300,Current,0,ME,Purchase,Condo,733,0.4831,0.1862,Missing,2026-07-31T09:00:00Z,OriginationCore,AtlasLoanCare
LN-001103,BR-000449,Dev Reddy,201472.38,189329.6,4.986,2022-06-05,2042-06-05,240,Current,0,NY,Construction,MultiFamily,643,0.5212,0.309,Complete,2025-09-19T09:00:00Z,OriginationCore,MeridianServicing
LN-001104,BR-001068,Riya Malhotra,172690.67,123617.0,12.775,2024-09-23,2044-09-23,240,Current,0,IL,Purchase,Condo,631,0.9369,0.253,Complete,2026-08-06T09:00:00Z,OriginationCore,ServicerX
LN-001105,BR-000049,Divya Gupta,764525.15,622061.19,3.239,2020-10-09,2040-10-09,240,Current,0,AL,CashOutRefi,Townhouse,776,0.6791,0.2723,Complete,2026-08-05T09:00:00Z,OriginationCore,MeridianServicing
LN-001106,BR-001750,Sneha Mehta,472309.92,447589.43,13.898,2021-05-19,2036-05-19,180,Current,0,NE,Refinance,MultiFamily,627,0.6488,0.3243,Complete,2026-08-01T09:00:00Z,OriginationCore,ServicerX
LN-001107,BR-001431,Siddharth Nair,532152.92,311545.47,4.63,2022-05-20,2037-05-20,180,Current,0,AK,CashOutRefi,Condo,618,0.7259,0.191,Complete,2026-08-01T09:00:00Z,OriginationCore,MeridianServicing
LN-001108,BR-002383,Nisha Chauhan,178889.55,158009.27,8.013,2025-12-07,2040-12-07,180,Current,0,TX,Refinance,Townhouse,624,0.8547,0.403,Complete,2026-07-13T09:00:00Z,OriginationCore,ServicerX
LN-001109,BR-000111,Siddharth Verma,370435.73,245988.56,4.117,2021-07-26,2031-07-26,120,Current,0,WA,Purchase,Condo,747,0.6961,0.448,Complete,2026-07-25T09:00:00Z,OriginationCore,AtlasLoanCare
LN-001110,BR-000725,Ananya Reddy,648716.61,590543.4,13.922,2023-11-21,2053-11-21,360,Current,0,CA,CashOutRefi,MultiFamily,710,0.7645,0.4592,Complete,2025-12-09T09:00:00Z,OriginationCore,AtlasLoanCare
LN-001111,BR-000035,Rahul Menon,511923.89,504875.18,4.262,2021-07-10,2036-07-10,180,Current,0,KY,Purchase,Townhouse,659,0.9439,0.4125,Pending,2026-08-07T09:00:00Z,OriginationCore,AtlasLoanCare
LN-001112,BR-001812,Kavya Banerjee,725420.59,695206.97,5.812,2025-12-05,2035-12-05,120,Current,0,ND,CashOutRefi,Townhouse,743,0.6209,0.481,Complete,2026-07-26T09:00:00Z,OriginationCore,MeridianServicing
LN-001113,BR-000578,Manav Kapoor,665587.4,558921.54,5.059,2021-07-10,2031-07-10,120,Current,0,ID,Purchase,MultiFamily,756,0.4352,0.2495,Complete,2026-08-19T09:00:00Z,OriginationCore,AtlasLoanCare
LN-001114,BR-000459,Meera Banerjee,289193.83,224089.11,12.921,2025-02-21,2040-02-22,180,Current,0,GA,Construction,MultiFamily,727,0.7799,0.1838,Complete,2026-07-21T09:00:00Z,OriginationCore,AtlasLoanCare
LN-001115,BR-001730,Manav Sharma,675052.47,436427.95,11.481,2025-02-28,2040-02-29,180,Current,0,VA,Purchase,SingleFamily,581,0.5913,0.2188,Complete,2026-07-30T09:00:00Z,OriginationCore,MeridianServicing
LN-001116,BR-001338,Vikram Pillai,210269.25,145417.34,5.809,2021-12-18,2036-12-18,180,Current,0,OK,Purchase,MultiFamily,721,0.779,0.4737,Pending,2026-08-24T09:00:00Z,OriginationCore,AtlasLoanCare
LN-001117,BR-001874,Manav Chauhan,100695.1,86285.92,12.865,2025-09-15,2040-09-15,180,Current,0,OK,Refinance,Townhouse,752,0.8343,0.4859,Complete,2026-08-16T09:00:00Z,OriginationCore,MeridianServicing
LN-001118,BR-001649,Vikram Malhotra,479809.45,450368.36,8.231,2025-06-21,2050-06-22,300,Current,0,NV,CashOutRefi,SingleFamily,580,0.9352,0.2165,Complete,2026-07-23T09:00:00Z,OriginationCore,ServicerX
LN-001119,BR-002082,Karan Rao,659361.82,557907.03,13.324,2023-11-16,2038-11-16,180,Current,0,WV,Purchase,Townhouse,663,0.7895,0.4175,Pending,2026-07-03T09:00:00Z,OriginationCore,ServicerX
LN-001120,BR-001517,Riya Mehta,469057.08,266948.57,3.072,2020-12-30,2045-12-31,300,Current,0,TN,CashOutRefi,Condo,777,0.4413,0.1946,Complete,2026-07-09T09:00:00Z,OriginationCore,MeridianServicing
LN-001121,BR-001717,Riya Kulkarni,830487.76,585519.66,10.397,31/07/2024,2031-03-29,120,Current,0,MN,Construction,Condo,768,0.7716,0.4967,Pending,2026-07-20T09:00:00Z,OriginationCore,ServicerX
LN-001122,BR-002187,Nisha Mehta,363343.53,61768.66,10.034,2022-03-07,2047-03-08,300,Closed,0,OR,Purchase,Condo,662,0.6465,0.2578,Complete,2026-08-01T09:00:00Z,OriginationCore,AtlasLoanCare
LN-001123,BR-000037,Tara Joshi,327227.75,276609.38,13.196,2022-07-22,2037-07-22,180,Current,0,NH,CashOutRefi,Townhouse,616,0.8207,0.2942,Complete,2026-07-17T09:00:00Z,OriginationCore,MeridianServicing
LN-001124,BR-002267,Aman Gupta,537980.16,301000.56,6.53,2021-06-30,2031-06-30,120,Current,0,KY,CashOutRefi,MultiFamily,683,0.5517,0.4838,Complete,2026-08-26T09:00:00Z,OriginationCore,AtlasLoanCare
LN-001125,BR-002126,Ishita Bose,145662.88,98635.49,7.585,Jul 31 2024,2053-01-06,360,Current,0,MO,CashOutRefi,SingleFamily,647,0.5595,0.1535,Complete,2026-07-28T09:00:00Z,OriginationCore,AtlasLoanCare
LN-001126,BR-000129,Vikram Malhotra,794462.54,496695.27,4.605,2021-12-25,2051-12-26,360,Current,0,AZ,Construction,Townhouse,654,0.7041,0.4656,Complete,2026-07-04T09:00:00Z,OriginationCore,AtlasLoanCare
LN-001127,BR-000908,Priya Kulkarni,504445.09,392880.36,13.088,2023-05-16,2038-05-16,180,Current,0,TX,Purchase,MultiFamily,703,0.5678,0.4352,Complete,2026-07-08T09:00:00Z,OriginationCore,AtlasLoanCare
LN-001128,BR-001424,Manav Chauhan,272624.77,269279.97,3.168,2021-02-03,2051-02-04,360,90+ Days,147,MS,Purchase,SingleFamily,580,0.5171,0.3879,Complete,2026-07-22T09:00:00Z,OriginationCore,AtlasLoanCare
LN-001129,BR-000833,Priya Rao,553347.79,449558.39,7.455,2025-04-06,2050-04-07,300,90+ Days,102,OK,CashOutRefi,Condo,791,0.6411,0.3395,Pending,2026-07-16T09:00:00Z,OriginationCore,MeridianServicing
LN-001130,BR-000080,Rahul Desai,534059.89,-23198.12,8.429,2021-05-16,2046-05-17,300,Current,0,TN,Purchase,SingleFamily,608,0.7471,0.2214,Complete,2026-07-11T09:00:00Z,OriginationCore,AtlasLoanCare
LN-001131,BR-001033,Ananya Trivedi,246287.27,0.0,9.846,2025-11-15,2035-11-15,120,Paid Off,0,MT,Construction,MultiFamily,750,0.5886,0.2977,Pending,2026-08-07T09:00:00Z,OriginationCore,MeridianServicing
LN-001132,BR-000517,Rahul Verma,305750.96,187234.52,13.467,2024-07-22,2044-07-22,240,Current,0,NM,Refinance,MultiFamily,818,0.634,0.2124,Pending,2026-07-08T09:00:00Z,OriginationCore,ServicerX
LN-001133,BR-001208,Tara Sharma,332017.44,275404.81,5.974,2026-04-26,2036-04-25,120,Current,0,NM,Construction,MultiFamily,718,0.5587,0.4249,Complete,2026-07-15T09:00:00Z,OriginationCore,ServicerX
LN-001134,BR-002189,Karan Verma,327318.95,298711.07,3.07,2021-07-03,2051-07-04,360,Current,0,FL,CashOutRefi,MultiFamily,766,0.5912,0.1856,Complete,2026-08-12T09:00:00Z,OriginationCore,AtlasLoanCare
LN-001135,BR-000279,Dev Chauhan,679868.97,570886.85,13.616,2026-05-15,2036-05-14,120,Current,0,SD,Construction,Townhouse,620,0.6341,0.2447,Complete,2026-08-21T09:00:00Z,OriginationCore,AtlasLoanCare
LN-001136,BR-000701,Vikram Menon,522332.3,361109.59,10.689,2022-07-09,2037-07-09,180,30-59 Days,35,UT,CashOutRefi,Condo,762,0.8726,0.1855,Complete,2026-08-06T09:00:00Z,OriginationCore,AtlasLoanCare
LN-001137,BR-000214,Kavya Iyer,363006.88,210284.97,7.178,2020-12-02,2040-12-02,240,Current,0,KY,Construction,Townhouse,658,0.5481,0.2306,Complete,2026-08-05T09:00:00Z,OriginationCore,ServicerX
LN-001138,BR-001212,Rahul Gupta,302928.64,264151.37,4.369,2024-10-27,2044-10-27,240,Default,329,MD,Construction,Condo,646,0.5592,0.4655,Complete,2026-07-03T09:00:00Z,OriginationCore,MeridianServicing
LN-001139,BR-000892,Manav Nair,483963.34,307754.09,13.049,2020-12-05,2035-12-06,180,Current,0,VT,Refinance,Condo,791,0.7544,0.4715,Missing,2026-07-24T09:00:00Z,OriginationCore,MeridianServicing
LN-001140,BR-000280,Aditya Mehta,480123.46,435624.38,8.519,2021-01-31,2031-01-31,120,Default,302,IL,Purchase,MultiFamily,791,0.7052,0.2144,Complete,2026-07-22T09:00:00Z,OriginationCore,MeridianServicing
LN-001141,BR-000872,Ishita Chauhan,428394.79,297200.81,8.55,2025-01-13,2040-01-14,180,Current,0,CT,Purchase,MultiFamily,688,0.7771,0.2158,Complete,2026-07-15T09:00:00Z,OriginationCore,MeridianServicing
LN-001142,BR-001629,Riya Nair,674937.57,483738.53,14.35,2025-06-04,2050-06-05,300,Current,0,IN,Construction,Condo,730,0.7325,0.2399,Complete,2026-08-16T09:00:00Z,OriginationCore,MeridianServicing
LN-001143,BR-000152,Rahul Iyer,94759.54,76543.76,9.121,2022-07-30,2042-07-30,240,Current,0,California,Refinance,SingleFamily,716,0.8983,0.4414,Complete,2026-08-25T09:00:00Z,OriginationCore,MeridianServicing
LN-001144,BR-001190,Rohan Mehta,648630.98,473645.55,10.481,2025-05-04,2040-05-04,180,Current,0,LA,CashOutRefi,Townhouse,729,0.6039,0.2097,Pending,2026-07-24T09:00:00Z,OriginationCore,MeridianServicing
LN-001145,BR-002124,Rahul Menon,589843.03,520160.65,3.59,2022-09-21,2047-09-22,300,Current,0,CA,Construction,Townhouse,767,0.6963,0.3811,Complete,2026-08-18T09:00:00Z,OriginationCore,AtlasLoanCare
LN-001146,BR-001851,Meera Gupta,304353.77,253006.55,3.165,2024-11-11,2034-11-11,120,Current,0,WI,CashOutRefi,MultiFamily,816,0.5808,0.1846,Complete,2026-07-02T09:00:00Z,OriginationCore,ServicerX
LN-001147,BR-000430,Meera Mehta,696467.02,687943.72,11.35,07-31-2024,2045-11-03,300,Current,0,IN,CashOutRefi,Townhouse,797,0.695,0.4214,Complete,2026-07-24T09:00:00Z,OriginationCore,AtlasLoanCare
LN-001148,BR-000047,Priya Trivedi,283836.91,0.0,10.552,2025-07-06,2050-07-07,300,Paid Off,0,CT,Construction,Townhouse,727,0.4258,0.2605,Complete,2026-07-21T09:00:00Z,OriginationCore,MeridianServicing
LN-001149,BR-001283,Kavya Kulkarni,237859.49,140182.33,11.635,2024-01-29,2049-01-29,300,60-89 Days,84,WA,Construction,SingleFamily,776,0.8599,0.2614,Complete,2026-07-04T09:00:00Z,OriginationCore,MeridianServicing
LN-001150,BR-001019,Siddharth Kapoor,153581.46,123967.41,12.808,2025-01-16,2035-01-16,120,Current,0,MD,Refinance,MultiFamily,669,0.4667,0.4032,Complete,2026-08-26T09:00:00Z,OriginationCore,ServicerX
LN-001151,BR-000504,Arjun Joshi,752399.01,697065.72,6.769,2022-09-23,2052-09-23,360,60-89 Days,88,FL,CashOutRefi,Condo,762,0.6536,0.2902,Pending,2026-07-12T09:00:00Z,OriginationCore,AtlasLoanCare
LN-001152,BR-000324,Sneha Rao,224795.34,137471.07,8.861,2020-11-03,2050-11-04,360,30-59 Days,49,MT,Refinance,Condo,670,0.5331,0.3665,Complete,2026-07-29T09:00:00Z,OriginationCore,AtlasLoanCare
LN-001153,BR-001763,Meera Rao,879113.58,0.0,10.278,2022-10-19,2042-10-19,240,Closed,0,NH,Refinance,SingleFamily,746,0.5839,0.285,Complete,2026-07-04T09:00:00Z,OriginationCore,AtlasLoanCare
LN-001154,BR-001189,Karan Malhotra,353508.1,212424.32,14.0,2024-04-27,2049-04-28,300,60-89 Days,79,AZ,Refinance,Condo,700,0.6674,0.3099,Pending,2026-08-02T09:00:00Z,OriginationCore,AtlasLoanCare
LN-001155,BR-001022,Rohan Mehta,897253.2,655298.16,8.994,2021-09-04,2051-09-05,360,Current,0,KY,CashOutRefi,SingleFamily,789,0.7876,0.2943,Complete,2026-08-05T09:00:00Z,OriginationCore,ServicerX
LN-001156,BR-002194,Rohan Sethi,865064.69,815170.54,12.525,2021-03-24,2051-03-25,360,Current,0,MS,Purchase,SingleFamily,628,0.7681,0.3414,Complete,2026-08-05T09:00:00Z,OriginationCore,ServicerX
LN-001157,BR-002086,Rahul Pillai,171303.43,126041.14,10.288,2023-06-12,2033-06-11,120,Current,0,NJ,Purchase,Condo,731,0.5743,0.224,Complete,2026-07-03T09:00:00Z,OriginationCore,MeridianServicing
LN-001158,BR-000015,Riya Mehta,405630.72,347169.56,4.991,2025-11-26,2055-11-27,360,Current,0,SC,Construction,MultiFamily,803,0.5759,0.4863,Complete,2026-07-02T09:00:00Z,OriginationCore,AtlasLoanCare
LN-001159,BR-000505,Tara Pillai,506991.94,309135.95,13.215,2022-09-20,2037-09-20,180,Default,186,TN,Construction,SingleFamily,781,0.4581,0.2843,Pending,2026-07-26T09:00:00Z,OriginationCore,MeridianServicing
LN-001160,BR-000267,Kavya Banerjee,309306.84,238693.88,5.364,2024-02-17,2034-02-16,120,Current,0,NH,CashOutRefi,Condo,767,0.5287,0.2916,Complete,2026-07-24T09:00:00Z,OriginationCore,MeridianServicing
LN-001161,BR-000462,Aditya Bose,130149.13,106230.17,8.895,2023-08-04,2033-08-03,120,30-59 Days,50,NE,Purchase,Condo,719,0.4702,0.1966,Complete,2026-07-18T09:00:00Z,OriginationCore,ServicerX
LN-001162,BR-000349,Aman Iyer,107647.07,100051.15,11.328,2023-06-20,2033-06-19,120,90+ Days,135,NH,Construction,Condo,581,0.5477,0.2478,Complete,2026-08-12T09:00:00Z,OriginationCore,AtlasLoanCare
LN-001163,BR-000984,Siddharth Nair,134749.07,90163.02,3.684,2023-05-10,2048-05-10,300,Current,0,VA,CashOutRefi,SingleFamily,742,0.908,0.2005,Complete,2026-07-08T09:00:00Z,OriginationCore,MeridianServicing
LN-001164,BR-001667,Sneha Mehta,178369.85,118176.11,5.041,2021-01-30,2031-01-30,120,Current,0,NY,CashOutRefi,Condo,627,0.5593,0.2428,Pending,2026-07-21T09:00:00Z,OriginationCore,AtlasLoanCare
LN-001165,BR-000146,Sneha Joshi,406333.61,371597.12,7.4,2024-06-21,2039-06-22,180,Current,0,CT,Construction,Condo,592,0.6612,0.2023,Complete,2026-08-23T09:00:00Z,OriginationCore,AtlasLoanCare
LN-001166,BR-001374,Karan Malhotra,844112.6,477316.2,13.273,2025-10-11,2040-10-11,180,Current,0,WA,Refinance,SingleFamily,726,0.5982,0.2932,Complete,2026-07-19T09:00:00Z,OriginationCore,ServicerX
LN-001167,BR-002028,Karan Kapoor,445119.39,250696.15,6.836,2022-08-09,2032-08-08,120,Current,0,AK,Construction,Condo,737,0.6538,0.2163,Complete,2026-08-20T09:00:00Z,OriginationCore,AtlasLoanCare
LN-001168,BR-002320,Arjun Desai,186210.55,146703.33,8.435,2024-06-24,2049-06-25,300,Current,0,TN,Construction,Townhouse,616,0.5021,0.1587,Pending,2026-08-02T09:00:00Z,OriginationCore,MeridianServicing
LN-001169,BR-002333,Vikram Kulkarni,723495.1,0.0,12.289,2021-11-01,2041-11-01,240,Closed,0,NM,Purchase,Townhouse,645,0.5685,0.2925,Missing,2026-08-19T09:00:00Z,OriginationCore,ServicerX
LN-001170,BR-001477,Ananya Nair,299165.4,283325.26,10.451,2023-01-09,2038-01-09,180,60-89 Days,60,GA,CashOutRefi,Condo,634,0.9013,0.2445,Complete,2026-08-15T09:00:00Z,OriginationCore,AtlasLoanCare
LN-001171,BR-000739,Nisha Trivedi,309327.27,278718.71,3.26,2023-05-12,2033-05-11,120,60-89 Days,81,ID,Construction,MultiFamily,660,0.4519,0.473,Complete,2026-07-27T09:00:00Z,OriginationCore,ServicerX
LN-001172,BR-001108,Aditya Rao,662170.08,647004.28,9.72,2023-01-15,2048-01-16,300,Current,0,DE,Construction,SingleFamily,613,0.4582,0.3512,Complete,2026-08-18T09:00:00Z,OriginationCore,AtlasLoanCare
LN-001173,BR-001170,Aman Kulkarni,195120.1,182938.86,13.176,2025-05-21,2055-05-22,360,Current,0,NM,Construction,Townhouse,612,0.5176,0.2828,Complete,2026-07-09T09:00:00Z,OriginationCore,ServicerX
LN-001174,BR-001796,Siddharth Nair,315167.32,244228.08,14.232,2023-05-22,2053-05-22,360,Current,0,OR,Purchase,Townhouse,654,0.7408,0.3485,Complete,2026-08-12T09:00:00Z,OriginationCore,MeridianServicing
LN-001175,BR-000826,Nisha Trivedi,393114.33,N/A,14.062,2025-11-03,2035-11-03,120,30-59 Days,50,FL,Refinance,MultiFamily,638,0.5532,0.2442,Complete,2026-07-05T09:00:00Z,OriginationCore,MeridianServicing
LN-001176,BR-001305,Divya Sethi,184062.29,179424.7,5.156,2020-10-01,2030-10-01,120,Current,0,HI,Purchase,Condo,631,0.8089,0.3221,Pending,2026-07-31T09:00:00Z,OriginationCore,ServicerX
LN-001177,BR-000009,Arjun Sharma,817263.02,524339.95,3.209,2022-05-18,2032-05-17,120,Current,0,KS,CashOutRefi,Townhouse,696,0.5316,0.1889,Complete,2026-08-13T09:00:00Z,OriginationCore,AtlasLoanCare
LN-001178,BR-002375,Meera Malhotra,153120.37,138001.47,9.529,2025-05-25,2055-05-26,360,Current,0,KS,Refinance,Townhouse,631,0.9136,0.4098,Complete,2026-08-25T09:00:00Z,OriginationCore,AtlasLoanCare
LN-001179,BR-001380,Rohan Kulkarni,679010.74,489437.74,14.373,2021-04-01,2051-04-02,360,Current,0,OK,Construction,Townhouse,646,0.6137,0.1642,Complete,2026-07-23T09:00:00Z,OriginationCore,AtlasLoanCare
LN-001180,BR-001001,Tara Nair,631652.38,380410.06,13.69,2023-04-19,2053-04-19,360,Current,0,MA,Purchase,MultiFamily,757,0.5425,0.3254,Complete,2026-08-20T09:00:00Z,OriginationCore,MeridianServicing
LN-001181,BR-000281,Aditya Bose,210745.69,194530.99,6.725,2026-03-15,2041-03-15,180,Current,0,LA,Construction,Townhouse,587,0.6456,0.2813,Complete,2026-08-26T09:00:00Z,OriginationCore,AtlasLoanCare
LN-001182,BR-001809,Ananya Iyer,544703.97,506477.34,4.098,2023-03-25,2043-03-25,240,30-59 Days,47,FL,CashOutRefi,SingleFamily,787,0.4766,0.4195,Pending,2026-07-30T09:00:00Z,OriginationCore,AtlasLoanCare
LN-001183,BR-001184,Priya Kapoor,832552.94,645952.12,14.051,2024-09-12,2054-09-13,360,Current,0,GA,Purchase,MultiFamily,708,0.888,0.3239,Complete,2026-07-19T09:00:00Z,OriginationCore,ServicerX
LN-001184,BR-001277,Vikram Chauhan,721218.33,704784.05,6.961,2023-11-09,2048-11-09,300,Current,0,AK,Purchase,MultiFamily,602,0.4877,0.1831,Complete,2026-07-31T09:00:00Z,OriginationCore,ServicerX
LN-001185,BR-000724,Ishita Rao,141105.44,103601.88,9.491,2022-09-07,2052-09-07,360,Current,0,TX,Construction,SingleFamily,806,0.4174,0.3126,Complete,2026-08-22T09:00:00Z,OriginationCore,ServicerX
LN-001186,BR-002140,Ananya Gupta,397138.73,240755.9,3.997,2021-08-16,2041-08-16,240,Current,0,WA,Refinance,Condo,811,0.4699,0.4073,Pending,2026-08-11T09:00:00Z,OriginationCore,MeridianServicing
LN-001187,BR-001533,Priya Banerjee,126135.6,119571.22,11.457,2022-06-21,2032-06-20,120,Current,0,WI,CashOutRefi,Condo,788,0.8245,0.4057,Missing,2026-07-23T09:00:00Z,OriginationCore,MeridianServicing
LN-001188,BR-000728,Ananya Gupta,666595.18,0.0,7.818,2022-02-15,2042-02-15,240,Closed,0,SD,CashOutRefi,Townhouse,791,0.9315,0.1875,Complete,2026-08-07T09:00:00Z,OriginationCore,ServicerX
LN-001189,BR-001267,Dev Kapoor,474337.5,391520.77,5.984,2022-04-21,2032-04-20,120,30-59 Days,41,OK,Construction,SingleFamily,705,0.9495,0.3372,Complete,2026-08-13T09:00:00Z,OriginationCore,MeridianServicing
LN-001190,BR-000016,Kavya Malhotra,752142.63,474331.28,12.744,2024-12-28,2034-12-28,120,Current,0,MN,Construction,Condo,799,0.4715,0.4942,Missing,2026-07-29T09:00:00Z,OriginationCore,AtlasLoanCare
LN-001191,BR-001202,Dev Gupta,774456.05,717730.3,12.543,2021-10-27,2046-10-28,300,Current,0,PA,Purchase,Condo,672,0.4083,0.2945,Pending,2026-08-09T09:00:00Z,OriginationCore,AtlasLoanCare
LN-001192,BR-000515,Karan Verma,530781.51,0.0,12.937,2020-10-16,2040-10-16,240,Closed,0,MD,Purchase,MultiFamily,765,0.6306,0.4086,Complete,2026-08-17T09:00:00Z,OriginationCore,ServicerX
LN-001193,BR-001460,Vikram Rao,123848.55,91702.72,5.953,2024-09-18,2034-09-18,120,60-89 Days,85,ID,Purchase,Townhouse,748,0.78,0.4304,Complete,2026-08-10T09:00:00Z,OriginationCore,ServicerX
LN-001194,BR-002255,Meera Desai,619993.52,552171.45,4.688,2025-04-09,2035-04-09,120,Current,0,AL,Construction,Condo,658,0.5239,0.387,Complete,2026-07-23T09:00:00Z,OriginationCore,AtlasLoanCare
LN-001195,BR-001720,Siddharth Sharma,665413.31,447144.49,14.42,2024-05-26,2054-05-27,360,Current,0,KY,Purchase,MultiFamily,796,0.4541,0.1853,Complete,2026-07-06T09:00:00Z,OriginationCore,ServicerX
LN-001196,BR-000764,Karan Sharma,314351.77,211478.58,4.362,2022-03-31,2037-03-31,180,Current,0,AR,CashOutRefi,Townhouse,581,0.8531,0.2339,Complete,2026-07-06T09:00:00Z,OriginationCore,AtlasLoanCare
LN-001197,BR-000826,Rahul Trivedi,94940.68,59033.02,8.137,2022-02-01,2052-02-02,360,Current,0,CO,Purchase,MultiFamily,588,0.9161,0.2234,Pending,2026-07-13T09:00:00Z,OriginationCore,MeridianServicing
LN-001198,BR-001912,Siddharth Sethi,140897.15,123836.89,3.524,2023-09-16,2033-09-15,120,Current,0,SD,Construction,Condo,774,0.9432,0.2742,Complete,2026-07-20T09:00:00Z,OriginationCore,ServicerX
LN-001199,BR-001912,Kavya Verma,133743.85,123308.68,12.974,2023-07-05,2053-07-05,360,Current,0,SD,Purchase,SingleFamily,632,0.927,0.2693,Complete,2026-07-17T09:00:00Z,OriginationCore,ServicerX
LN-001200,BR-001818,Kavya Sharma,451666.01,353443.64,8.424,2026-02-25,2036-02-25,120,Current,0,RI,Purchase,Condo,699,0.4616,0.2954,Complete,2026-07-02T09:00:00Z,OriginationCore,AtlasLoanCare
LN-901201,BR-901201,Meera Banerjee,797547.16,581226.11,8.418,2022-11-06,2047-11-07,300,30-59 Days,43,MI,Construction,SingleFamily,791,0.4882,0.2413,Complete,2026-08-24T09:00:00Z,OriginationCore,MeridianServicing
LN-901202,BR-901202,Manav Sethi,644555.67,363604.96,4.152,2024-11-08,2039-11-09,180,Current,0,SD,Purchase,SingleFamily,783,0.4641,0.3064,Complete,2026-08-09T09:00:00Z,OriginationCore,MeridianServicing
LN-901203,BR-901203,Rahul Gupta,668423.84,0.0,5.577,2020-10-31,2030-10-31,120,Paid Off,0,MT,Refinance,Townhouse,674,0.6622,0.1881,Complete,2026-07-09T09:00:00Z,OriginationCore,ServicerX
LN-901204,BR-901204,Rahul Rao,326587.49,196266.16,11.015,2021-05-23,2046-05-24,300,Current,0,WY,Construction,Townhouse,733,0.6266,0.2322,Complete,2026-07-28T09:00:00Z,OriginationCore,AtlasLoanCare
LN-901205,BR-901205,Nisha Desai,456573.06,424064.04,11.969,2021-04-27,2031-04-27,120,Current,0,AL,CashOutRefi,SingleFamily,676,0.6973,0.1795,Pending,2026-07-26T09:00:00Z,OriginationCore,ServicerX
LN-901206,BR-901206,Aman Reddy,214117.6,126426.63,11.143,2023-08-01,2043-08-01,240,Current,0,CO,Refinance,Townhouse,748,0.8201,0.3768,Pending,2026-07-19T09:00:00Z,OriginationCore,ServicerX
LN-801207,BR-777777,Kabir Raghunathan,363121.44,341334.15,10.312,2026-02-07,2046-02-07,240,Current,0,MA,Purchase,SingleFamily,683,0.9,0.44,Pending,2026-08-26T09:00:00Z,OriginationCore,ServicerX
LN-801208,BR-777777,Kabir Raghunathan,395115.25,371408.33,8.059,2026-02-18,2046-02-18,240,Current,0,MA,Purchase,SingleFamily,652,0.9,0.44,Pending,2026-08-26T09:00:00Z,OriginationCore,ServicerX
LN-801209,BR-777777,Kabir Raghunathan,406441.29,382054.81,10.321,2026-03-01,2046-03-01,240,Current,0,MA,Purchase,SingleFamily,651,0.9,0.44,Pending,2026-08-26T09:00:00Z,OriginationCore,ServicerX
LN-801210,BR-777777,Kabir Raghunathan,364017.05,342176.03,10.036,2026-03-12,2046-03-12,240,Current,0,MA,Purchase,SingleFamily,679,0.9,0.44,Pending,2026-08-26T09:00:00Z,OriginationCore,ServicerX
LN-801211,BR-777777,Kabir Raghunathan,199222.11,187268.78,11.981,2026-03-23,2046-03-23,240,Current,0,MA,Purchase,SingleFamily,692,0.9,0.44,Pending,2026-08-26T09:00:00Z,OriginationCore,ServicerX
LN-801212,BR-777777,Kabir Raghunathan,308761.87,290236.16,8.639,2026-04-03,2046-04-03,240,Current,0,MA,Purchase,SingleFamily,647,0.9,0.44,Pending,2026-08-26T09:00:00Z,OriginationCore,ServicerX
